company_name,brand,address,state,expiry_date
4T BRANDS SDN BHD,,"(4T BRANDS SDN BHD), GK101A, GROUND FLOOR, 1 UTAMA SHOPPING CENTRE, NO.1, NO.1 LEBUH BANDAR UTAMA,, 47800, Petaling, Selangor",SELANGOR,31/08/2027
9 KOPITIAM @ AEON TAMAN EQUINE,,"(9 KOPITIAM SDN. BHD.), SERIBU WARNA SDN. BHD., Lot LG12 Lower Ground Floor AEON Taman Equine, Jalan Equine Pusat Bandar Putra Permai, 43300, Petaling, Selangor",SELANGOR,30/06/2027
9 KOPITIAM @ SILK RESIDENCE,,"(9 KOPITIAM SDN. BHD.), NO G-11, JALAN SUTERA,, SILK RESIDENCE, 43200, Hulu Langat, Selangor, 9 kopitiam",SELANGOR,30/11/2026
A&W AMPANG POINT,,"(A&W MALAYSIA SDN BHD), G-23A, G25 & G26, Jalan Mamanda 9, Ampang Point Shopping Centre, 68000, Hulu Langat, Selangor",SELANGOR,30/04/2028
A&W BANDAR BUKIT TINGGI,,"(A&W MALAYSIA SDN BHD), LOT 7725,, LEBUH BT NILAM, BANDAR BUKIT TINGGI, 41200, Klang, Selangor",SELANGOR,15/07/2028
A&W BANDAR BUKIT TINGGI,,"(A&W MALAYSIA SDN BHD), LOT 7725,, LEBOH BATU NILAM BANDAR BUKIT TINGGI, 41200, Klang, Selangor",SELANGOR,15/07/2026
A&W BMC MALL,,"(A&W MALAYSIA SDN BHD), LOT G-16, GROUND FLOOR BMC MALL, JALAN TEMENGGUNG 21/9, BANDAR MAHKOTA CHERAS, 43200, Hulu Langat, Selangor, A&W",SELANGOR,31/03/2027
A&W C180 CHERAS SELATAN,,"(A&W MALAYSIA SDN BHD), NO 3G & 5G,JALAN C180/1,  DATARAN C180, 43200, Hulu Langat, Selangor, A&W",SELANGOR,31/03/2027
A&W CENTRAL I-CITY,,"(A&W MALAYSIA SDN BHD), LOT LG-34, TINGKAT LG,, PUSAT MEMBELI BELAH SENTRAL I-CITY, NO 1 PERSIARAN MULTIMEDIA, SEKSYEN 7,, 40000, Klang, Selangor, A&W",SELANGOR,31/05/2027
A&W CITTA MALL,,"(A&W MALAYSIA SDN BHD), G-10, GROUND FLOOR, CITTA MALL, JALAN PJU 10/48, PUSAT PERDAGANGAN DANA 1, PETALING JAYA, SELANGOR, 47301, Petaling, Selangor, A&W",SELANGOR,31/10/2026
A&W CYBERJAYA,,"(A&W MALAYSIA SDN BHD), UNIT NO G-8 (RETAIL SPACE), JALAN TEKNORAT 6, KANVAS @ PRIMA 15, 63000, Sepang, Selangor",SELANGOR,15/07/2028
A&W CYBERJAYA,,"(A&W MALAYSIA SDN BHD), UNIT NO G-8 RETAIL SPACE, KANVAS @ PRIMA 15,, JALAN TEKNORAT 6, 63000, Sepang, Selangor",SELANGOR,15/07/2026
A&W EVO MALL BANGI,,"(A&W MALAYSIA SDN BHD), LOT G.01, GROUND FLOOR KOMPLEKS EVO MALL, SEKSYEN 9, 43650, Kuala Langat, Selangor, A&W",SELANGOR,31/10/2026
A&W GAMUDA FUN PARK,,"(A&W MALAYSIA SDN BHD), LOT 3A & LOT 3A-E (GROUND FLOOR), FUN PARK @ LUGE GARDEN,, Persiaran Gamuda 1, Bandar Gamuda Gardens, Bandar Gamuda Gardens, 47000, Gombak, Selangor, A&W",SELANGOR,15/06/2027
A&W GIANT SEKSYEN 13 SHAH ALAM,,"(A&W MALAYSIA SDN BHD), A09, A10 & A10A, LOT 2, PERSIARAN SUKAN, SEKSYEN 13,, GIANT HYPERMARKET, 40100, Petaling, Selangor",SELANGOR,29/02/2028
A&W HERO MALL,,"(A&W MALAYSIA SDN BHD), G-15 HERO MARKET,, Jalan Puteri 1/6, Bandar Puteri, Puchong, 47100, Petaling, Selangor, A&W",SELANGOR,31/10/2026
A&W IOI PUCHONG,,"(A&W MALAYSIA SDN BHD), EF13 - EF13A & EF13AA, FIRST FLOOR, IOI MALL BANDAR PUCHONG JAYA, PUCHONG, 47170, Petaling, Selangor, A&W",SELANGOR,31/03/2027
A&W KAJANG AVENUE,,"(A&W MALAYSIA SDN BHD), A-0-9, MKH AVENUE, JALAN AVENUE 1A, OFF JALAN SEMENYIH, 43000, Hulu Langat, Selangor, A&W",SELANGOR,31/05/2027
A&W KLIA 2,,"(A&W MALAYSIA SDN BHD), S6-3-A04, LEVEL 3, International Departure Level (Airside), Jalan KLIA 2/1, KL International Airport 2, KLIA 2, 64000, Sepang, Selangor",SELANGOR,30/04/2028
A&W KOTA KEMUNING,,"(A&W MALAYSIA SDN BHD), NO 39-1 & 41-1, JALAN ANGGERIK VANILLA BE31/BE,, KOTA KEMUNING, SEKSYEN 31,, 40460, Petaling, Selangor, A&W",SELANGOR,31/05/2027
BASK BEAR COFFEE AMBANK BANDAR BARU BANGI,,"(BB COFFEE SDN BHD), NO 43A-5-01, JALAN MEDAN PB 2B,, SEKSYEN 9, PUSAT BANDAR BARU BANGI,, 43650, Hulu Langat, Selangor, BASK BEAR COFFEE",SELANGOR,30/11/2027
BASK BEAR COFFEE AMBANK BANTING,,"(BB COFFEE SDN BHD), NO. 141-GF, JALAN SULTAN ABDUL SAMAD, BANDAR BANTING, 42700, Kuala Langat, Selangor, BASK BEAR COFFEE",SELANGOR,30/11/2026
BASK BEAR COFFEE AMBANK PJ NEW TOWN,,"(BB COFFEE SDN BHD), 6, JALAN 52/4 PETALING JAYA, 46200,  Tiada Maklumat Daerah, Selangor, BASK BEAR COFFEE",SELANGOR,30/11/2026
BASK BEAR COFFEE AMBANK RAWANG COUNTRY HOMES,,"(BB COFFEE SDN BHD), GF, NO. 51, JALAN PUSAT BCH 1A,, BANDAR COUNTRY HOMES,, 48000, Gombak, Selangor",SELANGOR,15/06/2027
BASK BEAR COFFEE AMBANK SG BULOH,,"(BB COFFEE SDN BHD), NO. 389, JALAN 1A/1, FASA 1A, BANDAR BARU SG. BULOH,, SEKSYEN U20, 40160, Petaling, Selangor",SELANGOR,31/05/2028
BASK BEAR COFFEE AMPANG POINT,,"(BB COFFEE SDN BHD), LOT G05B, GROUND FLOOR AMPANG POINT SHOPPING CENTRE,, AMPANG POINT, 68000, Hulu Langat, Selangor",SELANGOR,31/03/2028
"BASK BEAR COFFEE BANDAR BARU SELAYANG, SELANGOR",,"(BB COFFEE SDN BHD), NO. 4 (GROUND FLOOR), JALAN 2/16,, BANDAR BARU SELAYANG,, 68100, Hulu Langat, Selangor",SELANGOR,31/07/2027
"BASK BEAR COFFEE BANDAR BOTANIK, KLANG",,"(BB COFFEE SDN BHD), NO.4, TINGKAT BAWAH, JALAN KASUARINA 01/KS07,, BANDAR BOTANIK,, 41200, Klang, Selangor, BASK BEAR COFFEE",SELANGOR,30/11/2027
BASK BEAR COFFEE BANDAR SERI PUTRA,,"(BB COFFEE SDN BHD), NO. 37 (GROUND FLOOR), JALAN SERI PUTRA 1/8,, BANDAR SERI PUTRA,, 43000, Hulu Langat, Selangor, BASK BEAR COFFEE",SELANGOR,30/11/2027
BASK BEAR COFFEE BANDAR TASIK PUTERI RAWANG,,"(BB COFFEE SDN BHD), NO. 46-G-A & B (GROUND FLOOR), JALAN 7A/2, BANDAR TASIK PUTERI, 48020, Gombak, Selangor",SELANGOR,31/03/2028
BASK BEAR COFFEE BANDAR TUN HUSSEIN ONN,,"(BB COFFEE SDN BHD), NO 26A (GF), JALAN SUARASA 8/4,, TOWN PARK 1, LAKE VALLEY, BANDAR TUN HUSSEIN ONN,, 43200, Hulu Langat, Selangor",SELANGOR,15/01/2028
BASK BEAR COFFEE BUKIT SENTOSA,,"(BB COFFEE SDN BHD), NO.13 GF, JALAN ORKID 1G/1,, PERNIAGAAN JALAN ORKID,, 48300, Hulu Selangor, Selangor, BASK BEAR COFFEE",SELANGOR,30/11/2027
"BASK BEAR COFFEE CALTEX DT MERU, KLANG",,"(BB COFFEE SDN BHD), CALTEX PERSIARAN HAMZAH, PT 65056 JALAN KORPORAT/KU9, TAMAN PERINDUSTRIAN MERU,, 42200, Klang, Selangor",SELANGOR,15/06/2027
"BASK BEAR COFFEE CYBER VALLEY COMMERCIAL CENTRE, DENGKIL",,"(BB COFFEE SDN BHD), NO.7, GROUND FLOOR, JALAN CYBER VALLEY 1A/1,, CYBER VALLEY COMMERCIAL CENTRE,, 43800, Sepang, Selangor, BASK BEAR COFFEE",SELANGOR,30/11/2027
BASK BEAR COFFEE DAMANSARA DAMAI,,"(BB COFFEE SDN BHD), NO.Q-007 (GROUND FLOOR), JALAN PJU 10/2B,, DAMANSARA DAMAI,, 47830, Petaling, Selangor, BASK BEAR COFFEE",SELANGOR,30/11/2027
BASK BEAR COFFEE DENAI ALAM,,"(BB COFFEE SDN BHD), NO. 41-1, TINGKAT BAWAH, JALAN ELEKTRON D U16/D,, DENAI ALAM, SEKSYEN U16,, 40160, Petaling, Selangor, BASK BEAR COFFEE",SELANGOR,30/11/2027
"BASK BEAR COFFEE ECOHILL WALK, SEMENYIH",,"(BB COFFEE SDN BHD), HO7-L1, BLOK H, PUSAT KOMERSIAL DATARAN ECOHILL,, JALAN ECOHILL 1/2, SETIA ECOHILL,, 43500, Hulu Langat, Selangor",SELANGOR,31/07/2027
"BASK BEAR COFFEE JALAN TELUK PULAI, KLANG",,"(BB COFFEE SDN BHD), BGB BOOST SDN BHD, NO. 131, JALAN TELUK PULAI,, 41100, Klang, Selangor, BASK BEAR COFFEE",SELANGOR,30/11/2027
BASK BEAR COFFEE KIP MALL KOTA WARISAN,,"(BB COFFEE SDN BHD), LOT G05, KIP MALL KOTA WARISAN, JALAN WARISAN SENTRAL 3, KIP SENTRAL,, 43900, Sepang, Selangor",SELANGOR,31/07/2027
BASK BEAR COFFEE KOTA KEMUNING,,"(BB COFFEE SDN BHD), 2-41-3, NO. 14, PERSIARAN ANGGERIK VANILLA,, KOTA KEMUNING, SEKSYEN 31,, 40460, Petaling, Selangor",SELANGOR,31/07/2027
BOAT NOODLE IOI MALL PUCHONG,,"(BOAT NOODLE SDN BHD), NO FS35 & FS36, FIRST FLOOR, IOI MALL, BATU 9, JALAN BANDAR, BANDAR PUCHONG JAYA,, 47170, Petaling, Selangor, BOAT NOODLE",SELANGOR,15/11/2026
BOAT NOODLE IPC,,"(BOAT NOODLE SDN BHD), LG1.12, IPC SHOPPING CENTRE, NO. 2, JALAN PJU 7/2, MUTIARA DAMANSARA, 47800, Petaling, Selangor, BOAT NOODLE",SELANGOR,30/09/2027
BOAT NOODLE ONE UTAMA,,"(BOAT NOODLE SDN BHD), LOT LG 321, LGF, 1 UTAMA SHOPPING CTR 1,, LEBUH BANDAR UTAMA, BANDAR UTAMA, 47800, Petaling, Selangor, BOAT NOODLE",SELANGOR,30/11/2026
BOAT NOODLE SUNWAY PYRAMID,,"(BOAT NOODLE SDN BHD), LOT F1.79, 1ST FLOOR, SUNWAY PYRAMID, NO. 3 JLN PJS 11/15, BANDAR SUNWAY, 47500, Petaling, Selangor, BOAT NOODLE",SELANGOR,30/09/2027
BOAT NOODLE TAMARIND SQUARE,,"(BOAT NOODLE SDN BHD), TRI GOLDEN GOURMET SDN. BHD., D3-03-18, TAMARIND SQUARE,, PERSIARAN MULTI MEDIA CYBER 10,, 63000, Sepang, Selangor, BOAT NOODLE",SELANGOR,15/05/2027
BORENOS FRIED CHICKEN (BANDAR BARU BANGI),,"(BORENOS SDN BHD), NO.13, JALAN MEDAN PUSAT 2D, 43650, Hulu Langat, Selangor, BORENOS FRIED CHICKEN (BANDAR BARU BANGI)",SELANGOR,31/05/2028
"BORENOS FRIED CHICKEN (IOI BOULEVARD, PUCHONG)",,"(BORENOS SDN BHD), E-G-27, IOI BOULEVARD, JALAN KENARI 5, BANDAR PUCHONG JAYA, 47170, Klang, Selangor, BORENOS FRIED CHICKEN",SELANGOR,15/11/2027
COLD KITCHEN,,"(BOUSTEAD HOTELS & RESORT SDN BHD (ROYALE CHULAN THE CURVE)), 6, JALAN PJU 7/3, MUTIARA DAMANSARA, 47800, Petaling, Selangor, ROYALE CHULAN THE CURVE",SELANGOR,31/01/2027
MALAY KITCHEN,,"(BOUSTEAD HOTELS & RESORT SDN BHD (ROYALE CHULAN THE CURVE)), 6, JALAN PJU 7/3, MUTIARA DAMANSARA, 47800, Petaling, Selangor, ROYALE CHULAN THE CURVE",SELANGOR,31/01/2027
WESTERN KITCHEN & WINDOW RESTAURANT,,"(BOUSTEAD HOTELS & RESORT SDN BHD (ROYALE CHULAN THE CURVE)), 6, JALAN PJU 7/3, MUTIARA DAMANSARA, 47800, Petaling, Selangor, ROYALE CHULAN THE CURVE",SELANGOR,31/01/2027
BANQUET KITCHEN,,"(BOUSTEAD HOTELS & RESORT SDN. BHD. (ROYALE CHULAN DAMANSARA)), GROUND FLOOR, ROYALE CHULAN DAMANSARA, No.2, Jalan PJU 7/3, Mutiara Damansara, 47810, Petaling, Selangor, ROYALE CHULAN DAMANSARA",SELANGOR,15/12/2027
BUTCHERY KITCHEN,,"(BOUSTEAD HOTELS & RESORT SDN. BHD. (ROYALE CHULAN DAMANSARA)), GROUND FLOOR, ROYALE CHULAN DAMANSARA, No.2, Jalan PJU 7/3, Mutiara Damansara, 47800, Petaling, Selangor, ROYALE CHULAN DAMANSARA",SELANGOR,15/12/2027
COFFEE HOUSE KITCHEN & ROYALE COFFEE HOUSE RESTAURANT,,"(BOUSTEAD HOTELS & RESORT SDN. BHD. (ROYALE CHULAN DAMANSARA)), 1ST FLOOR, ROYALE CHULAN DAMANSARA,, No.2, Jalan PJU 7/3, Mutiara Damansara, 47810, Petaling, Selangor, ROYALE CHULAN DAMANSARA",SELANGOR,15/12/2027
COLD KITCHEN / GARDE MANGER,,"(BOUSTEAD HOTELS & RESORT SDN. BHD. (ROYALE CHULAN DAMANSARA)), GROUND FLOOR, ROYALE CHULAN DAMANSARA, No.2, Jalan PJU 7/3, Mutiara Damansara, 47810, Petaling, Selangor, ROYALE CHULAN DAMANSARA",SELANGOR,15/12/2027
PASTRY/ BAKERY KITCHEN,,"(BOUSTEAD HOTELS & RESORT SDN. BHD. (ROYALE CHULAN DAMANSARA)), 1ST FLOOR, ROYALE CHULAN DAMANSARA, No.2, Jalan PJU 7/3, Mutiara Damansara, 47810, Petaling, Selangor, ROYALE CHULAN DAMANSARA",SELANGOR,15/12/2027
BRAHIM'S FOOD SERVICES SDN BHD,,"(BRAHIM'S FOOD SERVICES SDN BHD), CATERING BUILDING  MAS COMPLEX,, South Support Zone, Kuala Lumpur International Airport,, 64000, Sepang, Selangor, BRAHIM'S FOOD SERVICES SDN BHD",SELANGOR,15/12/2027
BREAD BERRY BAKERY,,"(BREAD BERRY BAKERY SDN BHD), NO 7, JALAN TIARA 2C/KU 1,, PUSAT PERNIAGAAN BANDAR  BARU KLANG, 41150, Klang, Selangor",SELANGOR,15/01/2027
BREAD BUDDY PLT,,"(BREAD BUDDY PLT), 118-G JALAN PUJ 3/2, TAMAN PUNCAK JALIL, SERI KEMBANGAN, 43300, Petaling, Selangor",SELANGOR,31/01/2028
BREW HYPE,,"(BREW HYPE SP SDN. BHD.), NO.36G, JALAN 20/16A TAMAN PARAMOUNT, 46300, Petaling, Selangor, BREW HYPE",SELANGOR,15/12/2027
11 WALLACE BURGER & CHICKEN (THE MINES SHOPPING MALL),,"(BRILLIANT TREASURE (M) SDN. BHD.), L2-76A/L2-76A(ORA), THE MINES SHOPPING MALL,, JALAN DULANG, THE MINES RESORT CITY,, 43300, Petaling, Selangor, WALLACE BURGER & CHICKEN",SELANGOR,31/05/2028
BURGER KING RANTAU PANJANG,,"(COSMO RESTAURANTS SDN BHD), NO.5557 GROUND FLOOR,, JALAN RANTAU PANJANG / KU4,, 41200, Klang, Selangor, BURGER KING",SELANGOR,15/04/2027
BURGER KING SERI GOMBAK,,"(COSMO RESTAURANTS SDN BHD), NO. 6 (GROUND FLOOR), JALAN SG 1/5,, Taman Industri Bolton,, 68100, Gombak, Selangor, BURGER KING",SELANGOR,30/09/2027
BURGER KING SETIA ALAM,,"(COSMO RESTAURANTS SDN BHD), RESTORAN NO.1 LOT NO.2, PERSIARAN SETIA IMPIAN,, Bandar Setia Alam Seksyen U13,, Shah Alam,, 40170, Klang, Selangor",SELANGOR,30/06/2027
BURGER KING SETIA CITY MALL,,"(COSMO RESTAURANTS SDN BHD), LOT LG-129 & 130, TINGKAT LG, SETIA CITY MALL,, NO.7, PERSIARAN SETIA DAGANG,, SETIA ALAM, SEKSYEN U13,, 40170, Petaling, Selangor, BURGER KING",SELANGOR,15/01/2027
BURGER KING SHELL PERSIARAN SUNGAI BULOH,,"(COSMO RESTAURANTS SDN BHD), SHELL PERSIARAN SG. BULOH,, NO.1, PERSIARAN SG. BULOH,, 47000, Petaling, Selangor, BURGER KING",SELANGOR,30/04/2028
BURGER KING SHELL PUNCAK ALAM,,"(COSMO RESTAURANTS SDN BHD), NO. 2 (PT 42140),, Jalan Eco Grandeur 1/9,, Eco Grandeur,, 42300, Kuala Selangor, Selangor, BURGER KING",SELANGOR,31/07/2027
BURGER KING SRI MANJA,,"(COSMO RESTAURANTS SDN BHD), NO 51A-G, JALAN PJS 3/46,, TAMAN SRI MANJA, 46000, Petaling, Selangor, BURGER KING",SELANGOR,30/11/2027
BURGER KING SS12,,"(COSMO RESTAURANTS SDN BHD), 4 & 4A, JALAN SS 12/1B, SS 12, 47500 SUBANG JAYA SELANGOR, 47500, Petaling, Selangor, BURGER KING",SELANGOR,15/08/2027
BURGER KING SUBANG SKYPARK,,"(COSMO RESTAURANTS SDN BHD), LOT G32B (GROUND FLOOR), SKYPARK TERMINAL,, SULTAN ABDUL AZIZ SHAH AIRPORT,, SEKSYEN U3,, 47200, Petaling, Selangor, BURGER KING",SELANGOR,15/01/2027
BURGER KING SUNGAI BULOH OVERHEAD BRIDGE,,"(COSMO RESTAURANTS SDN BHD), LOT R 2 OVERHEAD BRIDGE RESTAURANT,, KM 458 Nort South Highway, Between Sg Buloh and Bukit Lanjan Interchange, 47000, Petaling, Selangor",SELANGOR,30/06/2027
BURGER KING SUNGAI LONG,,"(COSMO RESTAURANTS SDN BHD), NO 2 ( GF), JALAN SL 1/2, BANDAR SUNGAI LONG, 43000, Hulu Selangor, Selangor, BURGER KING",SELANGOR,30/11/2027
BURGER KING SUNWAY GEO AVENUE,,"(COSMO RESTAURANTS SDN BHD), E-01-11, SUNWAY GEO AVENUE,, Block E, Jln Lagoon Selatan,, Bandar Sunway,, 47500, Petaling, Selangor, BURGER KING",SELANGOR,15/08/2026
BURGER KING SUNWAY LAGOON,,"(COSMO RESTAURANTS SDN BHD), LOT NO.SB-R001 & SB R002, SUNWAY LAGOON THEME PARK,, Jalan PJS 11/11, Bandar Sunway,, 46150, Petaling, Selangor",SELANGOR,31/05/2027
BURGER KING SUNWAY MENTARI,,"(COSMO RESTAURANTS SDN BHD), NO.1 (GF), JALAN PJS 8/5,, PJ Selatan,, Petaling Jaya, 46000, Petaling, Selangor, BURGER KING",SELANGOR,15/08/2026
BURGER KING SUNWAY PYRAMID,,"(COSMO RESTAURANTS SDN BHD), UNIT NO. F1.87A & F1.90, FIRST FLOOR SUNWAY PYRAMID SHOPPING MALL,, 3, Jalan PJS 11/15 Bandar Sunway,, 47500, Petaling, Selangor",SELANGOR,30/06/2027
BURGER KING TAMAN SRI ANDALAS,,"(COSMO RESTAURANTS SDN BHD), NO 42, GROUND FLOUR JALAN SRI SARAWAK 18, TAMAN SRI ANDALAS, 41200, Klang, Selangor",SELANGOR,15/06/2027
BURGER KING TAMARIND SQUARE,,"(COSMO RESTAURANTS SDN BHD), NO. D3-03-07, TAMARIND SQUARE,, Persiaran Multimedia, Cyber 11,, 63000, Sepang, Selangor, BURGER KING",SELANGOR,30/09/2027
BURGER KING TESCO BANDAR BUKIT PUCHONG,,"(COSMO RESTAURANTS SDN BHD), LOT NO.G7, TESCO BANDAR BUKIT PUCHONG, PT 80259,, Jalan BP 7/1 Bandar Bukit Puchong, Mukim Petaling, 47100, Petaling, Selangor",SELANGOR,31/05/2027
BURGER KING TROPICANA AVENUE,,"(COSMO RESTAURANTS SDN BHD), P-G-30, TROPICANA AVENUE,, PERSIARAN TROPICANA,, TROPICANA GOLF & COUNTRY RESORT,, 47410, Petaling, Selangor",SELANGOR,15/06/2027
BURGER KING TROPICANA GARDEN,,"(COSMO RESTAURANTS SDN BHD), LOT NO. CC-35, CONCOURSE FLOOR,, Tropicana Garden Mall, Jalan PJU 3/21,, Tropicana Indah,, 47410, Petaling, Selangor",SELANGOR,15/10/2026
EMPIRE SUSHI AEON TAMAN EQUINE,,"(EMPIRE SUSHI SDN. BHD.), LG21, LG FLOOR, AEON TAMAN EQUINE SHOPPING CENTRE,, JALAN EQUINE, TAMAN EQUINE, BANDAR PUTERI PERMAI,, 43300, Petaling, Selangor, EMPIRE SUSHI",SELANGOR,31/07/2026
EMPIRE SUSHI AEON TAMAN EQUINE,,"(EMPIRE SUSHI SDN. BHD.), LG21, LG FLOOR, AEON TAMAN EQUINE SHOPPING CENTRE,, JALAN EQUINE, TAMAN EQUINE, 43300, Petaling, Selangor, EMPIRE SUSHI",SELANGOR,31/07/2028
EMPIRE SUSHI CENTRAL I-CITY,,"(EMPIRE SUSHI SDN. BHD.), NO. LG-K01A, TINGKAT LG, PUSAT MEMBELI BELAH SENTRAL I-CITY,, NO.1, PERSIARAN MULTIMEDIA I-CITY, SEKSYEN 7,, 40000, Petaling, Selangor, EMPIRE SUSHI",SELANGOR,31/08/2027
EMPIRE SUSHI DPULZE,,"(EMPIRE SUSHI SDN. BHD.), LOT LGK-03, LOWER GROUND FLOOR DPULZE, LINGKARAN CYBER POINT TIMUR, CYBER 12, 63000, Sepang, Selangor, EMPIRE SUSHI",SELANGOR,15/02/2027
EMPIRE SUSHI EMPIRE SHOPPING GALLERY,,"(EMPIRE SUSHI SDN. BHD.), LG-29A, LOWER GROUND LEVEL,, EMPIRE SHOPPING GALLERY,, JALAN SS16, UEP, 47500, Petaling, Selangor, EMPIRE SUSHI",SELANGOR,15/10/2026
EMPIRE SUSHI GATEWAY @KLIA2,,"(EMPIRE SUSHI SDN. BHD.), LOT NO. L2-109,, LEVEL 2, GATEWAY @KLIA2, KL INTERNATIONAL AIRPORT, JALAN KLIA 2/1, KLIA, 64000, Sepang, Selangor, EMPIRE SUSHI",SELANGOR,15/06/2026
EMPIRE SUSHI GATEWAY @KLIA2,,"(EMPIRE SUSHI SDN. BHD.), NO. L2-109, LEVEL 2 GATEWAY @KLIA2, KL INTERNATIONAL AIRPORT JALAN KLIA 2/1, 64000, Sepang, Selangor, EMPIRE SUSHI",SELANGOR,15/06/2028
EMPIRE SUSHI IKANO POWER CENTRE,,"(EMPIRE SUSHI SDN. BHD.), LG 1.31, LG, IKANO POWER CENTRE,, NO.2, JLN PJU 7/2, MUTIARA DAMANSARA,, PETALING JAYA, 47800, Petaling, Selangor, EMPIRE SUSHI",SELANGOR,15/04/2027
EMPIRE SUSHI IOI CITY MALL 2,,"(EMPIRE SUSHI SDN. BHD.), LOT NO. L1-K202, FIRST FLOOR, IOI CITY MALL 2, LEBUH IRC IOI RESORT CITY,, 62502, Sepang, Selangor, EMPIRE SUSHI",SELANGOR,15/03/2027
EMPIRE SUSHI IOI MALL PUCHONG,,"(EMPIRE SUSHI SDN. BHD.), LOT G-K01A, GROUN FLOOR,, IOI MALL JALAN PUCHONG, BANDAR PUCHONG JA, 47170, Petaling, Selangor, EMPIRE SUSHI",SELANGOR,15/03/2027
EMPIRE SUSHI LOTUS'S BUKIT BERUNTUNG,,"(EMPIRE SUSHI SDN. BHD.), G19 & G20,, LOTUS BUKIT BERUNTUNG, JALAN ORKID 1, PERNIAGAAN JALAN ORKID,, 48300, Hulu Selangor, Selangor, EMPIRE SUSHI",SELANGOR,29/02/2028
EMPIRE SUSHI LOTUS'S BUKIT PUCHONG,,"(EMPIRE SUSHI SDN. BHD.), LOT NO G 18,G19 DAN G20 LOTUS,, JALAN BP 7/1, BANDAR BUKIT PUCHONG, 47120, Petaling, Selangor, EMPIRE SUSHI",SELANGOR,15/12/2026
EMPIRE SUSHI LOTUS'S KAJANG,,"(EMPIRE SUSHI SDN. BHD.), LOT NO 11 GROUND FLOOR, LOTUS KAJANG,, LOT PT 37280 & 11196,, MUKIM KAJANG, SAUJANA IMPIAN,, 43000, Hulu Langat, Selangor, EMPIRE SUSHI",SELANGOR,15/08/2028
EMPIRE SUSHI LOTUS'S KAJANG,,"(EMPIRE SUSHI SDN. BHD.), LOT NO. 11 GROUND FLOOR, LOTUS KAJANG,, Lot PT 37280 & 11196,, Mukim Kajang, Saujana Impian,, 43000, Hulu Langat, Selangor, EMPIRE SUSHI",SELANGOR,15/08/2026
EMPIRE SUSHI LOTUS'S KUALA SELANGOR,,"(EMPIRE SUSHI SDN. BHD.), LOT 5 &19, (LOTUS'S KUALA SELANGOR), JALAN MEDAN NIAGA 2, MEDAN NIAGA KUALA SELANGOR, 45000, Kuala Selangor, Selangor, EMPIRE SUSHI",SELANGOR,15/06/2027
EMPIRE SUSHI LOTUS'S PUCHONG,,"(EMPIRE SUSHI SDN. BHD.), LOT 4, FIRST FLOOR,, Lotus's Puchong, Jalan Bandar Tiga, Pusat Bandar Puchong,, 47100, Petaling, Selangor, EMPIRE SUSHI",SELANGOR,15/09/2026
EMPIRE SUSHI LOTUS'S RIMBAYU,,"(EMPIRE SUSHI SDN. BHD.), LOT L-16, LOTUS STORE (MALAYSIA) SDN. BHD.,, NO.2, JALAN RIMBAYU 1, BANDAR RIMBAYU, 42500, Kuala Langat, Selangor, EMPIRE SUSHI",SELANGOR,31/12/2027
EMPIRE SUSHI LOTUS'S SEMENYIH,,"(EMPIRE SUSHI SDN. BHD.), LOT. G12 & LOT. G13, GROUND FLOOR,, Lotus's Semenyih, No.1, Jalan TPS 1/1,, Taman Pelangi Semenyih,, 43500, Hulu Langat, Selangor, EMPIRE SUSHI",SELANGOR,15/09/2026
EMPIRE SUSHI LOTUS'S SETIA ALAM,,"(EMPIRE SUSHI SDN. BHD.), NO. OL-G07, G08, G09 & G10, TINGKAT BAWAH, LOTUS'S SETIA ALAM, NO. 2, JALAN SETIA PRIMA S U13/S, 40170,  Tiada Maklumat Daerah, Selangor, EMPIRE SUSHI",SELANGOR,31/05/2028
EMPIRE SUSHI LOTUS'S SHAH ALAM,,"(EMPIRE SUSHI SDN. BHD.), LOT NO. 18, TINGKAT BAWAH, LOTUS'S SHAH ALAM,, NO. 3, JALAN AEROBIK 13/43,, SEKSYEN 13,, 40100, Petaling, Selangor, EMPIRE SUSHI",SELANGOR,15/02/2028
#422 MCDONALD'S KLIA ANJUNG,,"(GERBANG ALAF RESTAURANTS SDN BHD (FORMERLY KNOWN AS GOLDEN ARCHES RESTAURANTS SDN BHD)), MTB-5-L29, LEVEL 5,, Main Terminal Building, KLIA 1, 64000, Sepang, Selangor, McDonalds's",SELANGOR,31/01/2027
#424 MCDONALD'S AMERIN MALL,,"(GERBANG ALAF RESTAURANTS SDN BHD (FORMERLY KNOWN AS GOLDEN ARCHES RESTAURANTS SDN BHD)), LOT G-1 & G-2, AMERIN MALL,, Jalan Impian Indah,, 43300, Hulu Langat, Selangor, McDonald's",SELANGOR,31/07/2027
#426 MCDONALD'S SHELL DENGKIL DT,,"(GERBANG ALAF RESTAURANTS SDN BHD (FORMERLY KNOWN AS GOLDEN ARCHES RESTAURANTS SDN BHD)), LOT 101777, KM 48.7,, Jalan Pintasan Dengkil-Putrajaya (FT 29), Arah Utara,, 43800, Sepang, Selangor, McDonalds's",SELANGOR,31/01/2027
#427 MCDONALD'S PSS BANGI N/B LAYBY DT,,"(GERBANG ALAF RESTAURANTS SDN BHD (FORMERLY KNOWN AS GOLDEN ARCHES RESTAURANTS SDN BHD)), LOT PT2, KM 297.9. LEBUHRAYA UTARA SELATAN, KL-Seremban (Arah Utara) Sungai Merab, Kajang, 43000, Sepang, Selangor, McDonalds's",SELANGOR,31/01/2027
#428 MCDONALD'S SHELL BANDAR BOTANIK DT,,"(GERBANG ALAF RESTAURANTS SDN BHD (FORMERLY KNOWN AS GOLDEN ARCHES RESTAURANTS SDN BHD)), PT 118176, JALAN LANGAT,, Bandar Botanic,, Klang,, 41200, Klang, Selangor, McDonald's",SELANGOR,31/07/2027
#433 MCDONALD'S KAJANG IMPIAN DT,,"(GERBANG ALAF RESTAURANTS SDN BHD (FORMERLY KNOWN AS GOLDEN ARCHES RESTAURANTS SDN BHD)), LOT PT 70550, JALAN KAJANG IMPIAN 1/2,, Taman Kajang Impian, BandarBaru Bangi, 43650, Hulu Langat, Selangor, McDonalds's",SELANGOR,31/01/2027
#435 MCDONALD'S BANDAR BUKIT PUCHONG DT,,"(GERBANG ALAF RESTAURANTS SDN BHD (FORMERLY KNOWN AS GOLDEN ARCHES RESTAURANTS SDN BHD)), DI SEBAHAGIAN LOT 111961 (GRN 330829),, Jalan BP 7/1,, Bandar Bukit Puchong, 47100, Petaling, Selangor, McDonalds's",SELANGOR,31/01/2027
#439 MCDONALD'S AMVERTON DRIVE THRU,,"(GERBANG ALAF RESTAURANTS SDN BHD (FORMERLY KNOWN AS GOLDEN ARCHES RESTAURANTS SDN BHD)), NO 2, JALAN U17/16,, Bukit Amverton,, Seksyen U17, Shah Alam, 40160,  Tiada Maklumat Daerah, Selangor, McDonald's",SELANGOR,31/03/2027
#448 MCDONALD'S BHP SUBANG AIRPORT DT,,"(GERBANG ALAF RESTAURANTS SDN BHD (FORMERLY KNOWN AS GOLDEN ARCHES RESTAURANTS SDN BHD)), LOT PT 3 (GRN 40212),, Jalan Lapangan Terbang Subang,, 3 Lingkungan Golf Saujana, Seksyen U2, 40150, Petaling, Selangor, McDonald's",SELANGOR,31/07/2027
#454 MCDONALD'S BHP KEWAJIPAN DT,,"(GERBANG ALAF RESTAURANTS SDN BHD (FORMERLY KNOWN AS GOLDEN ARCHES RESTAURANTS SDN BHD)), LOT 14258,, Persiaran Kewajipan SS 13,, 47500, Petaling, Selangor, McDonald's",SELANGOR,31/07/2027
#455 MCDONALD'S PUCHONG PERDANA SF,,"(GERBANG ALAF RESTAURANTS SDN BHD (FORMERLY KNOWN AS GOLDEN ARCHES RESTAURANTS SDN BHD)), NO 43, JALAN PERDANA 3/4,, Taman Puchong Perdana,, 47150, Petaling, Selangor, McDonald's",SELANGOR,31/07/2027
#458 MCDONALD'S BUKIT RAJA DT,,"(GERBANG ALAF RESTAURANTS SDN BHD (FORMERLY KNOWN AS GOLDEN ARCHES RESTAURANTS SDN BHD)), LOT 53240, JALAN MAKYONG 6/KU5,, Bandar Bukit Raja Stage 1, 41050, Klang, Selangor, McDonald's",SELANGOR,31/01/2028
#462 MCDONALD'S PETRON SECTION 24 DT,,"(GERBANG ALAF RESTAURANTS SDN BHD (FORMERLY KNOWN AS GOLDEN ARCHES RESTAURANTS SDN BHD)), NO 1, (LOT 1164), PERSIARAN JUBLI PERAK,, Seksyen 24,, 40300,  Tiada Maklumat Daerah, Selangor, McDonald's",SELANGOR,31/01/2028
#463 MCDONALD'S SHELL USJ HICOM DT,,"(GERBANG ALAF RESTAURANTS SDN BHD (FORMERLY KNOWN AS GOLDEN ARCHES RESTAURANTS SDN BHD)), LOT 62278, JLAN MERPATI TANAMERA, 47630,  Tiada Maklumat Daerah, Selangor, McDonald's",SELANGOR,15/02/2028
#464 MCDONALD'S SHELL SAUJANA UTAMA DT,,"(GERBANG ALAF RESTAURANTS SDN BHD (FORMERLY KNOWN AS GOLDEN ARCHES RESTAURANTS SDN BHD)), LOT 15969, PERSIARAN E1-1,, No 1, Jalan Bidara 6/1,, Bandar Saujana Utama, 47400,  Tiada Maklumat Daerah, Selangor, McDonald's",SELANGOR,31/01/2028
#468 MCDONALD'S GIANT ULU KELANG SF,,"(GERBANG ALAF RESTAURANTS SDN BHD (FORMERLY KNOWN AS GOLDEN ARCHES RESTAURANTS SDN BHD)), SG03 & SG04, GIANT ULU KELANG,, Taman Permata, 68000 Ampang, Selangor Darul Ehsan, 68000, Hulu Langat, Selangor, McDonald's",SELANGOR,31/01/2028
#481 MCDONALD'S ANTARA GAPI DT,,"(GERBANG ALAF RESTAURANTS SDN BHD (FORMERLY KNOWN AS GOLDEN ARCHES RESTAURANTS SDN BHD)), LOT 1250, JALAN GAPI 1A, PERNIAGAAN ANTARA GAPI,, 48200 Hulu Yam Bharu, 48200, Hulu Langat, Selangor, McDonald's",SELANGOR,31/01/2028
#494 MCDONALD'S AEON BIG BUKIT RIMAU DT,,"(GERBANG ALAF RESTAURANTS SDN BHD (FORMERLY KNOWN AS GOLDEN ARCHES RESTAURANTS SDN BHD)), PT 1350600, NO. 2A,, Jalan Sungai Burung 32/68, Seksyen32,, 40460,  Tiada Maklumat Daerah, Selangor, McDonald's",SELANGOR,15/06/2027
#53 MCDONALD'S TAIPAN USJ,,"(GERBANG ALAF RESTAURANTS SDN BHD (FORMERLY KNOWN AS GOLDEN ARCHES RESTAURANTS SDN BHD)), NO 4. JALAN USJ 10/1, TAIPAN USJ,, 47620,  Tiada Maklumat Daerah, Selangor, McDonald's",SELANGOR,15/02/2028
#57 MCDONALD'S SELAYANG MALL,,"(GERBANG ALAF RESTAURANTS SDN BHD (FORMERLY KNOWN AS GOLDEN ARCHES RESTAURANTS SDN BHD)), LOT LG 44, KOMPLEKS SELAYANG MALL,, Taman Selayang Utama,, Batu Caves, 68100 , Gombak, Selangor, McDonald's",SELANGOR,29/02/2028
HOT BIRD SS15,,"(HOT BIRD SDN BHD), 25G & 25A, JALAN SS 15/4, SS 15, 47500,  Tiada Maklumat Daerah, Selangor, HOT BIRD",SELANGOR,15/11/2027
HOT PINDANG KITCHEN,,"(HOT PINDANG KITCHEN SDN.BHD), NO. 11 & 13, JALAN CHEONG SAM 10/11,, Seksyen 10, Shah Alam,, 40000, Petaling, Selangor, HOT PINDANG KITCHEN",SELANGOR,30/09/2027
BUTCHER KITCHEN,,"(HOTEL ARMADA (PJ) SDN BHD), GFLOOR, LOT 6, LORONG UTARA C, SECTION 52, PEJABAT POS JALAN SULTAN, 46200, Petaling, Selangor",SELANGOR,31/01/2028
COLD KITCHEN,,"(HOTEL ARMADA (PJ) SDN BHD), GFLOOR, LOT 6, LORONG UTARA C, SECTION 52, PEJABAT POS JALAN SULTAN, 46200, Petaling, Selangor",SELANGOR,31/01/2028
MALAY KITCHEN (DAPUR MELAYU),,"(HOTEL ARMADA (PJ) SDN BHD), LEVEL 3, LOT 6,, LORONG UTARA C, SECTION 52,, 46200, Petaling, Selangor",SELANGOR,31/01/2028
PASTRY KITCHEN,,"(HOTEL ARMADA (PJ) SDN BHD), GFLOOR, LOT 6, LORONG UTARA C, SECTION 52, PEJABAT POS JALAN SULTAN, 46200, Petaling, Selangor",SELANGOR,31/01/2028
SHOW KITCHEN,,"(HOTEL ARMADA (PJ) SDN BHD), GFLOOR, LOT 6, LORONG UTARA C, SECTION 52, PEJABAT POS JALAN SULTAN, 46200, Petaling, Selangor",SELANGOR,31/01/2028
UTARA COFFEE HOUSE KITCHEN (DAPUR UTAMA),,"(HOTEL ARMADA (PJ) SDN BHD), GFLOOR, LOT 6, LORONG UTARA C, SECTION 52, PEJABAT POS JALAN SULTAN, 46200, Petaling, Selangor",SELANGOR,31/01/2028
BANANABRO AEON BUKIT TINGGI,,"(HTFU RESTAURANTS SDN. BHD. ), LOT F02, AEON MALL BUKIT TINGGI, 1,  KLANG,, PERSIARAN BATU NILAM 1/KS 6,, KLANG, SELANGOR, 41200, Klang, Selangor, BANANABRO",SELANGOR,30/04/2028
BANANABRO AEON RAWANG,,"(HTFU RESTAURANTS SDN. BHD. ), LOT G55, GROUND FLOOR, AEON MALL RAWANG,, PERSIARAN ANGGUN, TAMAN ANGGUN,  48000 RAWANG, 48000, Gombak, Selangor, BANANABRO",SELANGOR,30/04/2028
BANANABRO AEON SHAH ALAM,,"(HTFU RESTAURANTS SDN. BHD. ), LOT S 12, AEON MALL,, JALAN AKUATIK 13/64,, SEKSYEN 13,, 40100, Kuala Selangor, Selangor, BANANABRO",SELANGOR,15/07/2026
BANANABRO AMPANG POINT,,"(HTFU RESTAURANTS SDN. BHD. ), LOT FM 11,12,13,13A,15,19,20, G17 C. AREA,, TAMAN AMPANG POINT, 68000, Kuala Langat, Selangor",SELANGOR,15/01/2028
BANANABRO CENTRAL I - CITY,,"(HTFU RESTAURANTS SDN. BHD. ), L3-28, CENTRAL I-CITY ,, Lot 1 I-City Persiaran Multimedia,, Seksyen 7, Shah Alam, 40000, Petaling, Selangor, BANANABRO",SELANGOR,15/07/2026
BANANABRO D'PULZE,,"(HTFU RESTAURANTS SDN. BHD. ), LG-09, D’PULZE SHOPPING CENTRE, PERSIARAN MULTIMEDIA,, 63000, Sepang, Selangor",SELANGOR,31/08/2027
BANANABRO IPC SHOPPING CENTRE,,"(HTFU RESTAURANTS SDN. BHD. ), LG1.13, LOWER GROUND 1, IPC SHOPPING CENTRE,2, Mutiara Damansara,, 47800, Kuala Selangor, Selangor, BANANABRO",SELANGOR,15/07/2026
BANANABRO SETIA CITY MALL,,"(HTFU RESTAURANTS SDN. BHD. ), LG- 071 & 072 7 PERSIARAN SETIA DAGANG , BANDARA SETIA ALAM, SEK U13, SETIA CITY, 40170 SHAH ALAM,SELANGOR, 40170, Petaling, Selangor, BANANABRO",SELANGOR,15/07/2026
BANANABRO SUNWAY PYRAMID,,"(HTFU RESTAURANTS SDN. BHD. ), LG2.85, LOWER GRAND TWO, SUNWAY PYRAMID,, 3, JALAN PJS 11/15, BANDAR SUNWAY,, 47500, Petaling, Selangor",SELANGOR,31/08/2027
PASTA OHSEM & PURPLE MONKEY SUBANG,,"(HUJAN RIMBA DESSERTS SDN. BHD.), 25 GROUND FLOOR, JALAN SS15/2A, SUBANG JAYA, 47500, Petaling, Selangor, PASTA OHSEM & PURPLE MONKEY",SELANGOR,15/09/2027
I AM GEPREK BENSU SEKSYEN 7 SHAH ALAM,,"(I AM GEPREK BENSU SDN. BHD.), NO. QG-39, TINGKAT BAWAH, BLOK Q,, JALAN PLUMBUM U 7/U,, PUSAT KOMERSIAL, SEKSYEN 7, 40000, Petaling, Selangor",SELANGOR,31/08/2026
RESTORAN IDCC SHAH ALAM,,"(IDEAL CONVENTION CENTRE SDN. BHD.), G-01 IDCC SHAH ALAM, JALAN PAHAT L 15/L, SEKSYEN 15,, 40200, Petaling, Selangor, RESTORAN IDCC SHAH ALAM",SELANGOR,15/09/2027
OLDTOWN WHITE COFFEE - PRIMA SRI GOMBAK,,"(KOPITIAM ASIA PACIFIC SDN BHD), G-95 & G-96, JALAN PRIMA SG 3/2,, Taman Prima Sri Gombak,, 68100, Gombak, Selangor, OldTown White Coffee",SELANGOR,15/08/2026
OLDTOWN WHITE COFFEE - PRIMA SRI GOMBAK,,"(KOPITIAM ASIA PACIFIC SDN BHD), G-95 & G-96, JALAN PRIMA SG 3/2,, Taman Prima Sri Gombak,, Batu Caves, 68100, Gombak, Selangor, OldTown White Coffee",SELANGOR,31/05/2028
OLDTOWN WHITE COFFEE - SKYPARK,,"(KOPITIAM ASIA PACIFIC SDN BHD), LOT M25,, Lapangan Terbang Sultan Abdul Aziz Shah,, Seksyen U3,, 40150,  Tiada Maklumat Daerah, Selangor, OldTown White Coffee",SELANGOR,29/02/2028
OLDTOWN WHITE COFFEE - SSP KLIA 2 (GATE J),,"(KOPITIAM ASIA PACIFIC SDN BHD), LOT S1-1A-A01, DOMESTIC DEPARTURE / ARRIVAL LEVEL (AIRSIDE),, Gate J, KLIA Terminal 2,, 64000, Sepang, Selangor, OldTown White Coffee",SELANGOR,29/02/2028
OLDTOWN WHITE COFFEE - SSP KLIA 2 (GATE K),,"(KOPITIAM ASIA PACIFIC SDN BHD), LOT S3-1A-A09 & A17, DOMESTIC DEPARTURE / ARRIVAL LEVEL (AIRSIDE), Gate K, KLIA Terminal 2,, 64000, Sepang, Selangor, OldTown White Coffee",SELANGOR,29/02/2028
OLDTOWN WHITE COFFEE - SSP KLIA 2 (GATE L),,"(KOPITIAM ASIA PACIFIC SDN BHD), LOT S3-2-A10, INTERNATIONAL DEPARTURE / ARRIVAL LEVEL (AIRSIDE), Gate L, KLIA Terminal 2,, 64000, Sepang, Selangor, OldTown White Coffee",SELANGOR,29/02/2028
OLDTOWN WHITE COFFEE - SUNGAI BULOH 2,,"(KOPITIAM ASIA PACIFIC SDN BHD), NO. 67-G,, Jalan Nautika B U20/B,, Pusat Komersial TSB, Seksyen U20,, 40160, Petaling, Selangor, OldTown White Coffee",SELANGOR,31/07/2027
OLDTOWN WHITE COFFEE - SUNSURIA SETIA ALAM,,"(KOPITIAM ASIA PACIFIC SDN BHD), KIOSK 1, TINGKAT G, SUNSURIA FORUM @ 7TH AVENUE,, No. 1, Jalan Setia Dagang AL U13/AL,, Setia Alam, Seksyen U13,, 40170, Petaling, Selangor, OldTown White Coffee",SELANGOR,31/10/2027
OLDTOWN WHITE COFFEE - SUNWAY GIZA MALL,,"(KOPITIAM ASIA PACIFIC SDN BHD), G05, GROUND FLOOR, SUNWAY GIZA MALL, Jalan PJU 5/14,, Kota Damansara, 47810, Petaling, Selangor, OldTown White Coffee",SELANGOR,31/07/2027
OLDTOWN WHITE COFFEE - SYOPZ TAYLOR'S,,"(KOPITIAM ASIA PACIFIC SDN BHD), LOT G-4, GROUND FLOOR, THE BOARDWALK, No 2, Jalan Taylors,, Bandar Sunway, 47500, Petaling, Selangor, OldTown White Coffee",SELANGOR,15/04/2028
WARISAN TRADISI,,"(KORIDOR LESTARI SDN BHD), KAWASAN REHAT DAN RAWAT (R&R) ULU BERNAM, LEBUHRAYA UTARA SELATAN, 35900, Hulu Selangor, Selangor, WARISAN TRADISI (R&R (Hulu Bernam) Lebuhraya PLUS)",SELANGOR,31/10/2027
KOTAK PLUS PLT,,"(KOTAK PLUS PLT), NO. 3 & 5, JALAN PJU 1A/42A, 47301, Petaling, Selangor, WARTEK",SELANGOR,31/03/2027
BANQUET KITCHEN,,"(KPF HOTEL MANAGEMENT SDN. BHD.), TINGKAT 1, BLOK HOTEL, PT 30324,PT 30325,PT30326 & PT 30327, KAWASAN BANGI GOLF RESORT, BANDAR BARU BANGI, 43650, Hulu Langat, Selangor, TENERA HOTEL",SELANGOR,30/04/2027
BUTCHERY KITCHEN,,"(KPF HOTEL MANAGEMENT SDN. BHD.), TINGKAT 1, BLOK HOTEL, PT 30324,PT 30325,PT30326 & PT 30327, KAWASAN BANGI GOLF RESORT, BANDAR BARU BANGI, 43650, Hulu Langat, Selangor, TENERA HOTEL",SELANGOR,30/04/2027
COLD KITCHEN,,"(KPF HOTEL MANAGEMENT SDN. BHD.), TINGKAT 2, BLOK HOTEL, PT 30324,PT 30325 & PT 30327, KAWASAN BANGI GOLF RESORT, BANDAR BARU BANGI, 43650, Hulu Langat, Selangor, TENERA HOTEL",SELANGOR,30/04/2027
PASTRY KITCHEN,,"(KPF HOTEL MANAGEMENT SDN. BHD.), TINGKAT 1, BLOK HOTEL, PT 30324,PT 30325,PT30326 & PT 30327, KAWASAN BANGI GOLF RESORT, BANDAR BARU BANGI ,, 43650, Hulu Langat, Selangor, TENERA HOTEL",SELANGOR,30/04/2027
SAFFRON BRASSERIE,,"(KPF HOTEL MANAGEMENT SDN. BHD.), TINGKAT 2, BLOK HOTEL, PT 30324,PT 30325 & PT 30327, KAWASAN BANGI GOLF RESORT, BANDAR BARU BANGI, 43650, Hulu Langat, Selangor, TENERA HOTEL",SELANGOR,30/04/2027
SELASIH GARDEN RESTAURANT,,"(KPF HOTEL MANAGEMENT SDN. BHD.), PT 30325, PT30326 & PT 30327, KAWASAN BANGI GOLF RESORT, BANDAR BARU BANGI, 43650, Hulu Langat, Selangor, TENERA HOTEL",SELANGOR,30/04/2027
KPR FOOD CATERERS SDN BHD,,"(KPR FOOD CATERERS SDN BHD), NO.15 JALAN PERMATA 9/KS9, TAMAN PERINDUSTRIAN AIR HITAM, 42100, Klang, Selangor",SELANGOR,31/07/2026
KAFE SARAWAK JOHOR,,"(KSJ RESTAURANTS AND SERVICES PLT), 60-1, JALAN PJU 8/5B, DAMANSARA PERDANA, 47820, Petaling, Selangor, KAFE SARAWAK JOHOR",SELANGOR,15/03/2028
TEALIVE LOTUS'S PUNCAK ALAM,,"(LOOB INTEGRATED SDN BHD ), LOT NO. OL-G6 (LOTUS'S PUNCAK ALAM), JALAN NIAGA BESTARI 9, PUNCAK BESTARI, 42300, Petaling, Selangor, TEALIVE",SELANGOR,15/07/2027
"TEALIVE LOTUS'S RIMBAYU, SELANGOR",,"(LOOB INTEGRATED SDN BHD ), L-7-GF, LOTUS'S RIMBAYU, NO. 2,, JALAN RIMBAYU 1, BANDAR RIMBAYU,, 42500, Kuala Langat, Selangor, TEALIVE",SELANGOR,31/10/2027
"TEALIVE LOTUS'S SETIA ALAM, SELANGOR",,"(LOOB INTEGRATED SDN BHD ), LOT OL-G04, OL-G05 & OL-G06, TINGKAT BAWAH,, LOTUS'S SETIA ALAM, NO. 2, JALAN SETIA PRIMA S U13/S,, SETIA ALAM, SEKSYEN U13,, 40170, Klang, Selangor, TEALIVE",SELANGOR,15/09/2027
TEALIVE LOTUS'S SHAH ALAM 2,,"(LOOB INTEGRATED SDN BHD ), NO. L17, TINGKAT BAWAH, LOTUS'S SHAH ALAM, NO. 3 PERSIARAN AKUATIK, SEKSYEN 13, SHAH ALAM, 40100, Petaling, Selangor, TEALIVE",SELANGOR,15/01/2028
"TEALIVE LOTUSS BUKIT BERUNTUNG, SELANGOR",,"(LOOB INTEGRATED SDN BHD ), G18, LOTUS'S BUKIT BERUNTUNG, JLN ORKID 1 PERNIAGAAN JALAN ORKID, 48300, Hulu Selangor, Selangor, TEALIVE",SELANGOR,15/09/2026
TEALIVE LOTUSS BUKIT PUCHONG,,"(LOOB INTEGRATED SDN BHD ), G17, GROUND FLOOR,, LOTUS'S BANDAR BUKIT PUCHONG,, JALAN BP 3, BANDAR BUKIT PUCHONG, 47100,  Tiada Maklumat Daerah, Selangor, TEALIVE",SELANGOR,15/09/2026
TEALIVE LOTUSS KAJANG,,"(LOOB INTEGRATED SDN BHD ), NO 19, GROUND FLOOR, TESCO KAJANG,, LOT 37280 & 11196, SAUJANA IMPIAN KAJANG, 43000, Hulu Langat, Selangor, TEALIVE",SELANGOR,30/09/2027
TEALIVE LOTUSS KLANG,,"(LOOB INTEGRATED SDN BHD ), LOT G-OL2 & G-OL3, GRD FLOOR TESCO EXTRA KLANG,, NO 3, JALAN BATU NILAM 6/KS6, BANDAR BUKIT TINGGI,, 41200, Klang, Selangor, TEALIVE",SELANGOR,31/10/2027
TEALIVE LOTUSS KUALA SELANGOR,,"(LOOB INTEGRATED SDN BHD ), KVX MANAGEMENT SDN BHD, LOT NO 28 (GROUND FLOOR), TESCO KUALA SELANGOR, MEDAN NIAGA KUALA SELANGOR, 45000, Kuala Selangor, Selangor, TEALIVE",SELANGOR,30/11/2027
TEALIVE LOTUSS PUCHONG,,"(LOOB INTEGRATED SDN BHD ), LOT NO.1B, LOTUS PUCHONG, NO. 148-149,, PUSAT BANDAR PUCHONG, JALAN BANDAR, 47100, Petaling, Selangor, TEALIVE",SELANGOR,15/12/2027
"TEALIVE LOTUSS SEMENYIH, SELANGOR",,"(LOOB INTEGRATED SDN BHD ), LOT. NO. G15, GROUND FLOOR JALAN TPS 1/1, TAMAN PELANGI SEMENYIH, 43500, Hulu Selangor, Selangor, TEALIVE",SELANGOR,30/09/2027
"TEALIVE MAIN PLACE 2, SUBANG JAYA",,"(LOOB INTEGRATED SDN BHD ), INGRESS FOOD SDN BHD, LOT GF-27 GROUND FLOOR MAIN PLACE MALL,, JALAN USJ 21/10, USJ 21, 47630, Petaling, Selangor, TEALIVE",SELANGOR,30/09/2027
"TEALIVE MATAHARI MALL, PETALING JAYA",,"(LOOB INTEGRATED SDN BHD ), ASL CAPITAL SDN BHD, LOT S21, MATAHARI MALL, NO.1, JALAN PJS 2/1, TAMAN MAJU JAYA, 46000, Petaling, Selangor, TEALIVE",SELANGOR,31/01/2027
TEALIVE MENARA VSQ,,"(LOOB INTEGRATED SDN BHD ), GLAM TIME PLT, KIOSK, GROUND FLOOR, BLOCK 6, VSQ @PJ CITY CENTRE JALAN UTARA, 46200, Petaling, Selangor, TEALIVE",SELANGOR,15/02/2027
TEALIVE MITSUI OUTLET PARK II,,"(LOOB INTEGRATED SDN BHD ), KIOSK 18, FIRST FLOOR MITSUI OUTLET PARK, KLIA SEPANG, 64000, Sepang, Selangor, TEALIVE",SELANGOR,15/01/2028
TEALIVE MRT SUNGAI BULOH STATION,,"(LOOB INTEGRATED SDN BHD ), UNIT K001-2,, STESEN MRT SUNGAI BULOH,, SEKSYEN U20,, 40150, Gombak, Selangor, TEALIVE",SELANGOR,30/11/2027
TEALIVE MYDIN USJ,,"(LOOB INTEGRATED SDN BHD ), G-31, MYDIN MALL SUBANG JAYA, LOT 675 & 676, PERSIARAN SUBANG PERMAI, 47500, Petaling, Selangor, TEALIVE",SELANGOR,28/02/2027
TEALIVE NEOCYBER CYBERJAYA,,"(LOOB INTEGRATED SDN BHD ), YAP CHEE WEI, 62-G, BIZ AVENUE 2 NEOCYBER,, LINGKARAN CYBERPOINT, 63000, Sepang, Selangor, TEALIVE",SELANGOR,15/02/2027
TEALIVE NSK BATU 9 CHERAS,,"(LOOB INTEGRATED SDN BHD ), LOT F39, KOMPLEKS MEMBELI BELAH NSK CHERAS,, LOT 33924, LEBUHRAYA CHERAS-KAJANG, 43200, Hulu Selangor, Selangor, TEALIVE",SELANGOR,15/06/2027
TEALIVE NSK KOTA DAMANSARA,,"(LOOB INTEGRATED SDN BHD ), TSOON MARKETING, LOT G13A NO.1 JALAN KENYALANG 11/1, SEKSYEN 11 KOTA DAMANSARA PJU 5, 47810, Petaling, Selangor, TEALIVE",SELANGOR,31/10/2027
MARRYBROWN PEKAN KAPAR,,"(MARRYBROWN SDN BHD (FORMERLY KNOWN AS MARRYBROWN FRIED CHICKEN SDN BHD)), AUM HEALTHCARE SDN BHD, NO. 531, JALAN BESAR KAPAR, PEKAN KAPAR,, 42200, Klang, Selangor, MARRYBROWN",SELANGOR,15/01/2027
MARRYBROWN PETRONAS SEKSYEN 15,,"(MARRYBROWN SDN BHD (FORMERLY KNOWN AS MARRYBROWN FRIED CHICKEN SDN BHD)), ALL STAR CUISINE SDN.BHD., PT 812 (STESEN MINYAK), NO.1, JALAN TUKUL P 15/P,, SEKSYEN 15,, 40200, Petaling, Selangor, MARRYBROWN",SELANGOR,30/04/2028
MARRYBROWN PRIMA SAUJANA KAJANG,,"(MARRYBROWN SDN BHD (FORMERLY KNOWN AS MARRYBROWN FRIED CHICKEN SDN BHD)), JAR RESTAURANT SDN.BHD, NO. A-G-7 & A-G-9, JALAN PRIMA SAUJANA 2/1A,, URBAN AVENUE TAMAN PRIMA SAUJANA, KAJANG,, 43000, Hulu Langat, Selangor, MARRYBROWN",SELANGOR,15/06/2027
MARRYBROWN PUCHONG PERMAI,,"(MARRYBROWN SDN BHD (FORMERLY KNOWN AS MARRYBROWN FRIED CHICKEN SDN BHD)), BEST MADE (M) SDN. BHD., BT 13 PUCHONG PERMAI, PT32426,, TAMAN PUCHONG PERMAI, PUCHONG, 47100, Petaling, Selangor, MARRYBROWN",SELANGOR,15/05/2027
MARRYBROWN PUNCAK ALAM,,"(MARRYBROWN SDN BHD (FORMERLY KNOWN AS MARRYBROWN FRIED CHICKEN SDN BHD)), ECODELI SDN. BHD., NO. 8 & 8A, JALAN NIAGA BESTARI 8,, PUNCAK BESTARI, BANDAR PUNCAK ALAM, 42300, Klang, Selangor, MARRYBROWN",SELANGOR,31/05/2027
"MARRYBROWN PUSAT KOMERSIAL TSB, SUNGAI BULOH",,"(MARRYBROWN SDN BHD (FORMERLY KNOWN AS MARRYBROWN FRIED CHICKEN SDN BHD)), AY ARCHES SDN.BHD., NO. 27 (TINGKAT G & SATU), JALAN NAUTIKA A U20/A, PUSAT KOMERSIAL TSB, SEKSYEN U20, 40160, Petaling, Selangor, MARRYBROWN",SELANGOR,31/10/2027
MARRYBROWN SEKSYEN 18,,"(MARRYBROWN SDN BHD (FORMERLY KNOWN AS MARRYBROWN FRIED CHICKEN SDN BHD)), HOTOUCH SDN BHD, NO.37, TINGKAT BAWAH & 1,, JALAN PINANG B 18/B, SEKSYEN 18,, 40200, Petaling, Selangor, MARRYBROWN",SELANGOR,15/06/2027
MARRYBROWN SENTRAL I-CITY,,"(MARRYBROWN SDN BHD (FORMERLY KNOWN AS MARRYBROWN FRIED CHICKEN SDN BHD)), LOT LG-34A, TINGKAT LG,, PUSAT MEMBELI BELAH SENTRAL I-CITY, NO. 1, PERSIARAN MULTIMEDIA, SEKSYEN 7, 40000, Klang, Selangor, MARRYBROWN",SELANGOR,30/11/2026
MARRYBROWN SETIA ALAM,,"(MARRYBROWN SDN BHD (FORMERLY KNOWN AS MARRYBROWN FRIED CHICKEN SDN BHD)), RAUDAH FOODS SERVICES SDN.BHD, NO.20, TINGKAT BAWAH & 1,, JALAN SETIA GEMILANG BM U13/BM, SETIA ALAM, SEKSYEN U13, 40170, Klang, Selangor, MARRYBROWN",SELANGOR,31/01/2027
MARRYBROWN SRI SERDANG,,"(MARRYBROWN SDN BHD (FORMERLY KNOWN AS MARRYBROWN FRIED CHICKEN SDN BHD)), MORNINGBRIDGE SDN BHD, 221, JALAN 18/23, TAMAN SRI SERDANG,, 43300, Petaling, Selangor, MARRYBROWN",SELANGOR,31/07/2027
MARRYBROWN SUNGAI BESAR,,"(MARRYBROWN SDN BHD (FORMERLY KNOWN AS MARRYBROWN FRIED CHICKEN SDN BHD)), TNT FAST FOOD SDN.BHD, Lot 12650 (Pecahan Lot 10881), Jalan Bunga Matahari,, Sungai Besar, 45300, Sabak Bernam, Selangor, MARRYBROWN",SELANGOR,30/11/2027
MARRYBROWN SUNWAY LAGOON,,"(MARRYBROWN SDN BHD (FORMERLY KNOWN AS MARRYBROWN FRIED CHICKEN SDN BHD)), DS FLAVOURS SDN BHD, Suway Lagoon Theme Park, 3, Jalan PJS 11/11, Bandar Sunway, 46150,  Tiada Maklumat Daerah, Selangor, MARRYBROWN",SELANGOR,15/04/2027
MARRYBROWN TAMAN BENDAHARA,,"(MARRYBROWN SDN BHD (FORMERLY KNOWN AS MARRYBROWN FRIED CHICKEN SDN BHD)), ECODELI SDN BHD, NO.11-G & 11-1,, JALAN BENDAHARA 1/1, TAMAN BENDAHARA, 45000, Kuala Selangor, Selangor, MARRYBROWN",SELANGOR,31/07/2027
MARRYBROWN TAMAN MAJU JAYA,,"(MARRYBROWN SDN BHD (FORMERLY KNOWN AS MARRYBROWN FRIED CHICKEN SDN BHD)), MORNINGBRIDGE SDN BHD, 16-01, 16-02 DAN 16-03, BLOK D, JALAN PJS 2/18A, TAMAN MAJU JAYA, 46000, Petaling, Selangor, MARRYBROWN",SELANGOR,31/10/2027
MARRYBROWN TAMAN PELANGI SEMENYIH,,"(MARRYBROWN SDN BHD (FORMERLY KNOWN AS MARRYBROWN FRIED CHICKEN SDN BHD)), JAR DELI SDN BHD, NO. 2A-G, JALAN TPS 1/4,, TAMAN PELANGI SEMENYIH, 43500,  Tiada Maklumat Daerah, Selangor, MARRYBROWN",SELANGOR,15/10/2026
MARRYBROWN TAMAN PUNCAK JALIL,,"(MARRYBROWN SDN BHD (FORMERLY KNOWN AS MARRYBROWN FRIED CHICKEN SDN BHD)), KATRIL QSR OASIS SDN BHD, 90G & 90-1, JALAN PUJ 3/2,, TAMAN PUNCAK JALIL,, 43300, Petaling, Selangor, MARRYBROWN",SELANGOR,15/01/2028
MARRYBROWN TAMAN SERI GOMBAK,,"(MARRYBROWN SDN BHD (FORMERLY KNOWN AS MARRYBROWN FRIED CHICKEN SDN BHD)), GALAXY FOODS & BEVERAGES SDN BHD, 21G, JALAN SG 1/3, TAMAN SERI GOMBAK, 68100, Gombak, Selangor, MARRYBROWN",SELANGOR,31/10/2027
MARRYBROWN TELOK PANGLIMA GARANG,,"(MARRYBROWN SDN BHD (FORMERLY KNOWN AS MARRYBROWN FRIED CHICKEN SDN BHD)), MAMA DELI SERIES SDN. BHD., NO. 4 & 5, LOT 621, JALAN GANGSA, KAWASAN PERINDUSTRIAN,, TELOK PANGLIMA GARANG, 42500, Kuala Langat, Selangor, MARRYBROWN",SELANGOR,15/12/2026
MAS AWANA SERVICES SDN BHD CPU 2,,"(MAS AWANA SERVICES SDN BHD [FORMERLY KNOWNS AS : MAS CATERING (SARAWAK) SDN. BHD.]), NO 29, JLN CIPTA SERENIA 1, Pusat Perindustrian Bandar Serenia, 43900, Sepang, Selangor, CPU 2 - BANDAR SERENIA",SELANGOR,15/12/2026
MAS AWANA SERVICES SDN BHD(KATERING),,"(MAS AWANA SERVICES SDN BHD [FORMERLY KNOWNS AS : MAS CATERING (SARAWAK) SDN. BHD.]), NO.1, 3, 5, & 7, 9 & 11,, JALAN 5, MEDAN 120, BANDAR BARU SALAK TINGGI BUSINESS PARK, 43900, Sepang, Selangor",SELANGOR,28/02/2027
O'BRIENS IRISH SANDWICH CAFE @ KLIA DEPARTURE LEVEL,,"(NORTH POLESTAR ALLIANCE SDN. BHD.), SY DELI N MEALS SERVICE SDN BHD, MTB-5-L11, DEPARTURE LEVEL, MAIN TERMINAL BUILDING KLIA, 64000, Sepang, Selangor, O'BRIENS IRISH SANDWICH CAFE",SELANGOR,15/09/2027
O'BRIENS IRISH SANDWICH CAFE @ KLIA SATELLITE,,"(NORTH POLESTAR ALLIANCE SDN. BHD.), SY DELI N MEALS SERVICE SDN BHD, LOT NO. SAT-P-A51, PASSENGER LEVEL, SATELLITE BUILDING, KLIA TERMINAL 1, 64000, Sepang, Selangor, O'BRIENS IRISH SANDWICH CAFE",SELANGOR,15/09/2027
O'BRIENS IRISH SANDWICH CAFE @ SUBANG JAYA MEDICAL CENTRE (SJMC),,"(NORTH POLESTAR ALLIANCE SDN. BHD.), NORTH POLESTAR ALLIANCE SDN BHD, Lot SJB1.009-011, Basement 1 (B1) Escalator Lobby,, Subang Jaya Medical Centre, 1 Jalan SS12/1A,, 47500, Petaling, Selangor, O'BRIENS IRISH SANDWICH CAFE",SELANGOR,15/09/2027
O'BRIENS IRISH SANDWICH CAFE @ THE CURVE,,"(NORTH POLESTAR ALLIANCE SDN. BHD.), GALAXY WAVE INFINITY SDN. BHD., Lot G79, Ground Floor,, No.6, Jalan PJU 7/3, Mutiara Damansara,, 47800, Petaling, Selangor, O'BRIENS IRISH SANDWICH CAFE",SELANGOR,15/09/2027
O'BRIENS IRISH SANDWICH CAFE @ WISMA SHELL,,"(NORTH POLESTAR ALLIANCE SDN. BHD.), NORTH POLESTAR ALLIANCE SDN BHD, Cafeteria Area, Ground Floor,, Wisma Shell U Village, Jalan Teknokrat 3,, 63000, Sepang, Selangor, O'BRIENS IRISH SANDWICH CAFE",SELANGOR,15/09/2027
NUR LEMBAH PANGSUN SDN. BHD.,,"(NUR LEMBAH PANGSUN SDN BHD), BATU 19 3/4, ULU PERDIK, HULU LANGAT,, 43100, Hulu Langat, Selangor, NUR LEMBAH PANGSUN ECO RESORT",SELANGOR,31/12/2027
NYONYA KITCHEN & CATERERS SDN BHD,,"(NYONYA KITCHEN & CATERERS SDN BHD), NO 220 & 222, JALAN BATU UNJUR 7,, TAMAN BAYU PERDANA, 41200, Klang, Selangor, NYONYA KITCHEN & CATERERS SDN BHD",SELANGOR,15/12/2027
NY STEAK SHACK (NYSS) - SELAYANG MALL,,"(NYSS RESTAURANTS SDN.BHD ), LG 06B - LG 08A, LOWER GROUND FLOOR,, Selayang Mall, Jalan SU 9,, Taman Selayang Utama, 68100, Gombak, Selangor, NY Steak Shack",SELANGOR,30/11/2026
JOSH & JANA'S,,"(OLSOKAN SDN BHD), LOT NO F11, F12 & F13, GIANT HYPERMARKET, PUTRA HEIGHTS NO 3, PRSN PUTRA PERDANA, 47650, Petaling, Selangor, JOSH & JANA'S RESTAURANT",SELANGOR,30/11/2027
"BANQUET KITCHEN ( MALAY, WESTERN, CHINESE) - (ONE WORLD HOTEL)",,"(ONE WORLD HOTEL SDN BHD), GROUND FLOOR, ONE WORLD HOTEL, FIRST AVENUE, BANDAR UTAMA CITY CENTER,, PETALING JAYA,, 47800, Petaling, Selangor, ONE WORLD HOTEL",SELANGOR,15/12/2027
BUTCHERY KITCHEN - (ONE WORLD HOTEL),,"(ONE WORLD HOTEL SDN BHD), CONCOURSE FLOOR, ONE WORLD HOTEL, FIRST AVENUE, BANDAR UTAMA CITY CENTER,, 47800 PETALING JAYA, SELANGOR, 47800, Petaling, Selangor, ONE WORLD HOTEL",SELANGOR,15/12/2027
CINNAMON COFFEE HOUSE KITCHEN,,"(ONE WORLD HOTEL SDN BHD), CONCOURSE FLOOR, FIRST AVENUE, BANDAR UTAMA CITY CENTER, 47800, Petaling, Selangor, ONE WORLD HOTEL",SELANGOR,15/08/2026
DIM SUM KITCHEN - (ONE WORLD HOTEL),,"(ONE WORLD HOTEL SDN BHD), CONCOURSE FLOOR, ONE WORLD HOTEL, FIRST AVENUE, BANDAR UTAMA CITY CENTER,, 47800 PETALING JAYA, SELANGOR, 47800, Petaling, Selangor, ONE WORLD HOTEL",SELANGOR,15/12/2027
GARDE MANGER / COLD KITCHEN  - (ONE WORLD HOTEL),,"(ONE WORLD HOTEL SDN BHD), CONCOURSE FLOOR, ONE WORLD HOTEL, FIRST AVENUE, BANDAR UTAMA CITY CENTER,, PETALING JAYA,, 47800, Petaling, Selangor, ONE WORLD HOTEL",SELANGOR,15/12/2027
GARDE MANGER / COLD KITCHEN 2 - (ONE WORLD HOTEL),,"(ONE WORLD HOTEL SDN BHD), CONCOURSE FLOOR, ONE WORLD HOTEL, FIRST AVENUE, BANDAR UTAMA CITY CENTER,, PETALING JAYA,, 47800, Petaling, Selangor, ONE WORLD HOTEL",SELANGOR,15/12/2027
NEW FUNCTION KITCHEN,,"(ONE WORLD HOTEL SDN BHD), CONCOURSE FLOOR, FIRST AVENUE, BANDAR UTAMA CITY CENTER, 47800, Petaling, Selangor, ONE WORLD HOTEL",SELANGOR,15/08/2026
PASTRY  & BAKERY KITCHEN - (ONE WORLD HOTEL),,"(ONE WORLD HOTEL SDN BHD), CONCOURSE FLOOR, ONE WORLD HOTEL, FIRST AVENUE, BANDAR UTAMA CITY CENTER,, PETALING JAYA,, 47800, Petaling, Selangor, ONE WORLD HOTEL",SELANGOR,15/12/2027
ORANGE CATERING,,"(ORANGE F&B SDN. BHD.), NO.248 - G, JALAN HULUBALANG 27/KS07,, TAMAN SENTOSA, 41200, Klang, Selangor",SELANGOR,15/07/2027
ORCHID BISTRO (RW) SDN BHD,,"(ORCHID BISTRO SDN BHD), LOT G66, GROUND FLOOR, AEON RAWANG SHOPPING CENTRE,, NO.1, PERSIARAN ANGGUN, TAMAN ANGGUN,, KOTA EMERALD, RAWANG, 48000, Gombak, Selangor, OOCHID KOPITIAM",SELANGOR,31/03/2027
ORCHID BISTRO (SP) SDN BHD,,"(ORCHID BISTRO SDN BHD), LOT LG10G (5), LOWER GROUND FLOOR SUBANG PARADE,, NO 5 JALAN SS16/1, SUBANG JAYA,, 47500, Petaling, Selangor, ORCHID BISTRO",SELANGOR,15/01/2027
PHD FCDSB THE SUITE JAYA ONE (3030265),,"(PHD DELIVERY SDN BHD), NO. 51-P2, 72A. BLOCK D, THE SUITES JAYA ONE, JALAN PROFESSOR DIRAJA UNGKU AZIZ, 46200, Petaling, Selangor, PHD DELIVERY SDN BHD",SELANGOR,15/07/2027
PHD HULU LANGAT (3030101),,"(PHD DELIVERY SDN BHD), NO.2, GROUND FLOOR, JALAN SERI MAS 1, TAMAN SERI MAS, 43100, Hulu Langat, Selangor, PHD DELIVERY SDN BHD",SELANGOR,30/09/2026
PHD JENJAROM (3030126),,"(PHD DELIVERY SDN BHD), NO 27, JALAN 2/1, TAMAN SERI JAROMAS, 42600, Kuala Langat, Selangor, PHD DELIVERY SDN BHD",SELANGOR,30/09/2026
PHD KAJANG (3030036),,"(PHD DELIVERY SDN BHD), NO. 2-G, JALAN DAMAI MEWAH 1A, TAMAN DAMAI MEWAH, 43000, Hulu Langat, Selangor, PHD DELIVERY SDN BHD",SELANGOR,28/02/2027
PHD KOTA WARISAN (3030160),,"(PHD DELIVERY SDN BHD), NO. G-11, GROUND FLOOR, JALAN WARISAN SENTRAL 1, KIP SENTRAL, KOTA WARISAN, 43900, Sepang, Selangor, PHD DELIVERY SDN BHD",SELANGOR,15/07/2027
PHD PANDAMARAN (3030033),,"(PHD DELIVERY SDN BHD), NO. 84, TINGKAT BAWAH, JALAN BATU UNJUR 1, TAMAN BAYU PERDANA, 41200, Klang, Selangor, PHD DELIVERY SDN BHD",SELANGOR,31/12/2026
PHD PJ OLD TOWN (3030061),,"(PHD DELIVERY SDN BHD), NO. 84, GROUND FLOOR, JALAN OTHMAN, PJ OLD TOWN, 46000, Petaling, Selangor, PHD DELIVERY SDN BHD",SELANGOR,31/12/2027
PHD PRIMA SAUJANA (3030072),,"(PHD DELIVERY SDN BHD), NO. 56-G, JALAN PRIMA SAUJANA 1/1A, TAMAN PRIMA SAUJANA, 43000, Hulu Langat, Selangor, PHD DELIVERY SDN BHD",SELANGOR,31/01/2028
PHD PUCHONG JAYA (3030086),,"(PHD DELIVERY SDN BHD), NO. 11, GROUND FLOOR, JALAN KENARI 2, BANDAR PUCHONG JAYA, 47100, Petaling, Selangor, PHD DELIVERY SDN BHD",SELANGOR,30/09/2026
PHD PUCHONG UTAMA (3030026),,"(PHD DELIVERY SDN BHD), NO 16, GROUND FLOOR, JALAN PU 7/2, PUSAT BANDAR PUCHONG UTAMA, 47160, Petaling, Selangor, PHD DELIVERY SDN BHD",SELANGOR,15/05/2027
PHD PUTRA HEIGHTS (3030149),,"(PHD DELIVERY SDN BHD), NO 5, GROUND FLOOR, JALAN PUTRA MAHKOTA 7/6C, PUTRA POINT 2, PUTRA HEIGHTS, 47550, Petaling, Selangor, PHD DELIVERY SDN BHD",SELANGOR,30/09/2026
PHD RAWANG (3030013),,"(PHD DELIVERY SDN BHD), NO. 1, JALAN BANDAR RAWANG 9, PUSAT BANDAR RAWANG, 48000, Gombak, Selangor, PHD DELIVERY SDN BHD",SELANGOR,28/02/2027
PHD SAUJANA PUTRA (3030132),,"(PHD DELIVERY SDN BHD), NO: 48-GF, JALAN SPU 1, BANDAR SAUJANA PUTRA, 42610, Kuala Langat, Selangor, PHD DELIVERY SDN BHD",SELANGOR,31/07/2027
PHD SAUJANA UTAMA (3030098),,"(PHD DELIVERY SDN BHD), NO. 48G, JALAN BIDARA 6/3, SAUJANA UTAMA 3, 47000, Petaling, Selangor, PHD DELIVERY SDN BHD",SELANGOR,30/09/2026
PHD SEMENYIH (3030145),,"(PHD DELIVERY SDN BHD), 9-G, JALAN KIARA 1, KAWASAN PERNIAGAAN KIARA, 43500, Hulu Langat, Selangor, PHD DELIVERY SDN BHD",SELANGOR,31/07/2026
PHD SEMENYIH (3030145),,"(PHD DELIVERY SDN BHD), 9-G, JLN KIARA 1, KAW PERNIAGAAN KIARA, 43500, Hulu Langat, Selangor, PHD DELIVERY SDN BHD",SELANGOR,31/07/2028
PHD SERI BANGI (3030027),,"(PHD DELIVERY SDN BHD), NO. 37, GROUND FLOOR, JALAN 8/35,, SERI BANGI, SEKSYEN 8,, BANDAR BARU BANGI, 43650, Hulu Langat, Selangor, PHD DELIVERY SDN BHD",SELANGOR,28/02/2027
PHD SERI KEMBANGAN (3030003),,"(PHD DELIVERY SDN BHD), NO. 59, GROUND FLOOR & 1ST. FLOOR, JALAN LP 1A/2, TAMAN LESTARI PERDANA, 43300, Petaling, Selangor, PHD DELIVERY SDN BHD",SELANGOR,28/02/2027
PHD SETIA ALAM (3030110),,"(PHD DELIVERY SDN BHD), PETRONAS STATION BANDAR SETIA ALAM, NO. 1, JALAN SETIA MURNI  U13/50, SEKSYEN U13, 40170, Klang, Selangor, PHD DELIVERY SDN BHD",SELANGOR,31/08/2027
PHD SRI SERDANG (3030038),,"(PHD DELIVERY SDN BHD), NO. 3542, JALAN 18/45, TAMAN SRI SERDANG, 43300, Petaling, Selangor, PHD DELIVERY SDN BHD",SELANGOR,31/12/2026
KFC AEON BUKIT TINGGI (1130373),,"(QSR STORES SDN BHD), NO.1, LOT G 30, AEON BUKIT TINGGI SHOPPING COMPLEX, PERSIARAN BATU NILAM 1/KS 6, BANDAR BUKIT TINGGI, 41200, Klang, Selangor, KFC",SELANGOR,30/09/2026
KFC AEON EQUINE PARK (1130328),,"(QSR STORES SDN BHD), LG 10, AEON TAMAN EQUINE SHOPPING CENTRE, 43300, Petaling, Selangor, KFC",SELANGOR,31/01/2027
KFC ALAM IMPIAN (1131077),,"(QSR STORES SDN BHD), NO. 39, (PT 155173), (TINGKAT BAWAH & TINGKAT 1), JALAN PANGLIMA HITAM M 35/M, ALAM IMPIAN, SEKSYEN 35, 40470, Klang, Selangor, KFC",SELANGOR,15/12/2027
KFC ALAM MEGAH (1130119),,"(QSR STORES SDN BHD), NO. 23, JALAN BATU LAUT 28/5, SEKSYEN 28, 40400, Klang, Selangor, KFC",SELANGOR,15/12/2026
KFC AMPANG 2 (1130132),,"(QSR STORES SDN BHD), NO. 52G- 54G, JALAN WAWASAN 2/3, BANDAR BARU AMPANG, 68000, Hulu Langat, Selangor, KFC",SELANGOR,15/12/2026
KFC AMPANG POINT (1130206),,"(QSR STORES SDN BHD), LOT G03A, GROUND FLOOR, AMPANG POINT SHOPPING CENTRE, 68000, Hulu Langat, Selangor, KFC",SELANGOR,15/12/2026
KFC BALAKONG (1130122),,"(QSR STORES SDN BHD), TINGKAT BAWAH & TINGKAT SATU, NO. 9 PEKAN CHERAS BATU 11, JALAN BALAKONG, 43200, Hulu Langat, Selangor, KFC",SELANGOR,15/12/2026
KFC BANDAR BARU SAUJANA (1130775),,"(QSR STORES SDN BHD), NO. 56GF,, JALAN BIDARA 6/3, SAUJANA UTAMA 3, 47000, Petaling, Selangor, KFC",SELANGOR,15/01/2028
KFC BANDAR BARU SELAYANG (1130739),,"(QSR STORES SDN BHD), NO. 36, TINGKAT BAWAH & TINGKAT SATU, JALAN 2/16, BANDAR BARU SELAYANG, 68100, Gombak, Selangor, KFC",SELANGOR,31/12/2027
KFC BANDAR COUNTRY HOMES (1130926),,"(QSR STORES SDN BHD), NO. 19A, (GROUND FLOOR & 1ST. FLOOR), JALAN PUSAT BCH 1/A, BANDAR COUNTRY HOMES, 48000, Gombak, Selangor, KFC",SELANGOR,15/03/2027
KFC BANDAR PUTERI PUCHONG DT (1131051),,"(QSR STORES SDN BHD), G-7, 1-7, & 2-7,, JALAN PUTERI 7/13A, BANDAR PUTERI, 47100,  Tiada Maklumat Daerah, Selangor, KFC",SELANGOR,31/05/2027
KFC BANDAR SERI PUTRA (1130864),,"(QSR STORES SDN BHD), B2, GROUND FLOOR & 1ST FLOOR, JALAN SERI PUTRA 1/2, BANDAR SERI PUTRA, 43000, Hulu Langat, Selangor, KFC",SELANGOR,15/01/2028
KFC BANDAR SRI DAMANSARA (1130955),,"(QSR STORES SDN BHD), NO. G-3A & G-5, MENARA AMANAH IKHTIAR, NO. 3, JALAN CEMPAKA SD12/1A, PJU9, 52200, Petaling, Selangor, KFC",SELANGOR,31/01/2028
KFC BANDAR SUNGAI LONG (1130376),,"(QSR STORES SDN BHD), NO. 9 & 9A, JALAN SL 1/10, BANDAR SUNGAI LONG, 43000, Hulu Langat, Selangor, KFC",SELANGOR,15/09/2026
KFC BANDAR TASIK PUTERI RAWANG DT (1131031),,"(QSR STORES SDN BHD), LOT PT 43537, NO. 3 JALAN TASIK PUTERI 4, BTP 32, BANDAR TASIK PUTERI, 48020, Gombak, Selangor, KFC",SELANGOR,15/06/2027
KFC BANDAR UTAMA (1130138),,"(QSR STORES SDN BHD), LOT LG222, LOWER GROUND FLOOR, 1 UTAMA SHOPPING CENTRE, LEBUH BANDAR UTAMA, 47800, Petaling, Selangor, KFC",SELANGOR,15/12/2026
KFC BANGI UTAMA (1130200),,"(QSR STORES SDN BHD), NO. G 18, BANGI UTAMA SHOPPING KOMPLEK, BANDAR BARU BANGI, 43650, Hulu Langat, Selangor, KFC",SELANGOR,15/12/2026
KFC BANTING 2 (1130160),,"(QSR STORES SDN BHD), NO. 285, JALAN SULTAN ABDUL SAMAD, BANDAR BANTING, 42700, Kuala Langat, Selangor, KFC",SELANGOR,15/12/2026
KFC BATANG KALI (1130321),,"(QSR STORES SDN BHD), NO. 37, JALAN MERANTI 1A, BANDAR UTAMA, 44300, Hulu Selangor, Selangor, KFC",SELANGOR,30/09/2026
KFC BHP BANDAR SULTAN SULAIMAN DT (1131061),,"(QSR STORES SDN BHD), PT 537 (PLOT 3), JALAN LEBUH SULTAN MOHAMAD 1, BANDAR SULTAN SULAIMAN, 42000, Klang, Selangor, KFC",SELANGOR,15/05/2027
RICHEESE FACTORY KUALA SELANGOR,,"(RICHEESE FACTORY MALAYSIA SDN. BHD.), NO 1, JALAN BENDAHARA 1A, Taman Bendahara,, 45000, Kuala Selangor, Selangor, RICHEESE FACTORY",SELANGOR,31/10/2026
RICHEESE FACTORY NU EMPIRE,,"(RICHEESE FACTORY MALAYSIA SDN. BHD.), LOT LG-30&LG-30S,LOWER GROUND FLOOR,NU EMPIRE,JALAN SS, SS16,, 47500, Petaling, Selangor, RICHEESE FACTORY",SELANGOR,15/04/2028
RICHEESE FACTORY PARADIGM MALL PJ,,"(RICHEESE FACTORY MALAYSIA SDN. BHD.), LOT NO 2F-13, SECOND FLOOR,, Paradigm Mall Petaling Jaya,, No 1, Jalan SS7/26A, Kelana Jaya, 47301, Petaling, Selangor, RICHEESE FACTORY",SELANGOR,28/02/2027
RICHEESE FACTORY PARADISE FAIR RAWANG,,"(RICHEESE FACTORY MALAYSIA SDN. BHD.), LOT 3, PARADISE FAIR COMMERCIAL HUB, PT 43537, BANDAR TASIK PUTERI, 48020, Gombak, Selangor, RICHEESE FACTORY",SELANGOR,31/12/2027
RICHEESE FACTORY SB MALL,,"(RICHEESE FACTORY MALAYSIA SDN. BHD.), LOT NO G-17A, G-17C & G-18D, TINGKAT BAWAH, PUSAT MEMBELI BELAH SB MALL, NO 2, BANDAR BARU SUNGAI BULOH, SEKSYEN U20, 40160, Petaling, Selangor, RICHEESE FACTORY",SELANGOR,15/03/2028
RICHEESE FACTORY SETIA CITY MALL,,"(RICHEESE FACTORY MALAYSIA SDN. BHD.), LOT LG-024 &LG-024L, TINGKAT LG, SETIA CITY MALL, NO 7, PERSIARAN SETIA DAGANG, SETIA ALAM, SEKSYEN U13, 40170, Petaling, Selangor, RICHEESE FACTORY",SELANGOR,15/04/2028
RICHEESE FACTORY ST ROSYAM MALL,,"(RICHEESE FACTORY MALAYSIA SDN. BHD.), LOT G09, GROUND FLOOR, ST ROSYAM MALL, LOT 15749 & LOT 15750, BATU 3 1/2, JALAN KEBUN, 41200, Klang, Selangor, RICHEESE FACTORY",SELANGOR,15/09/2027
RICHEESE FACTORY SUNWAY GIZA,,"(RICHEESE FACTORY MALAYSIA SDN. BHD.), LOT G-08, GF, SUNWAY GIZA MALL,, NO 2 JALAN PJU 5/14 KOTA DAMANSARA, 47810, Petaling, Selangor, RICHEESE FACTORY",SELANGOR,15/11/2027
RICHEESE FACTORY SUNWAY SQUARE,,"(RICHEESE FACTORY MALAYSIA SDN. BHD.), LG1-15, LOWER GROUND ONE, SUNWAY SQUARE, JALAN LAGOON SELATAN, BANDAR SUNWAY, 47500, Petaling, Selangor, RICHEESE FACTORY",SELANGOR,15/05/2028
RICHEESE FACTORY THE CURVE,,"(RICHEESE FACTORY MALAYSIA SDN. BHD.), LOT G68A, GROUND FLOOR,, The Curve, Shopping Center, Mutiara Damansara,, No 6, Jalan PJU 7/3, Mutiara Damansara, 47800, Petaling, Selangor, RICHEESE FACTORY",SELANGOR,28/02/2027
RICHEESE FACTORY THE MINES,,"(RICHEESE FACTORY MALAYSIA SDN. BHD.), LOT L2-86(P),, JALAN DULANG,, THE MINES RESORT CITY,, 43300, Petaling, Selangor, RICHEESE FACTORY",SELANGOR,31/07/2028
RICHEESE FACTORY THE MINES,,"(RICHEESE FACTORY MALAYSIA SDN. BHD.), LOT L2-86(P), LEVEL TWO,, JALAN DULANG,, THE MINES RESORT CITY,, 43300, Petaling, Selangor, RICHEESE FACTORY",SELANGOR,31/07/2026
RICHIAMO COFFEE TAMAN VELOX,,"(RICHIAMO COFFEE SDN. BHD.), MADAMNOUR LUXURY EMPIRE (M) SDN. BHD., 13A-G, 13A-1, JALAN VELOX,, PRIMA AVENUE, TAMAN VELOX,, 48000, Gombak, Selangor, RICHIAMO COFFEE",SELANGOR,31/10/2027
POTATO CORNER CENTRAL I-CITY,,"(ROCKS FOODS SDN. BHD.), LGK-17(A), LOWER GROUND 1,, Persiaran Multimedia, Seksyen 7,, Jalan Plumbum 7/102,, 40000, Petaling, Selangor, Potato Corner",SELANGOR,31/10/2026
POTATO CORNER GATEWAY@KLIA2,,"(ROCKS FOODS SDN. BHD.), L3-22, LEVEL 3, GATEWAY@KLIA2, TERMINAL KLIA 2,, TERMINAL KLIA 2, Kuala Lumpur Int'l Airport, KLIA2 Departure Lane, 64000, Sepang, Selangor, Potato Corner",SELANGOR,30/06/2027
POTATO CORNER ONE UTAMA,,"(ROCKS FOODS SDN. BHD.), LGK-113, LOWER GROUND FLOOR,, 1 Utama Shopping Centre,, No.1 Lebuh Bandar Utama, 47800, Petaling, Selangor, Potato Corner",SELANGOR,31/10/2026
POTATO CORNER SETIA CITY MALL,,"(ROCKS FOODS SDN. BHD.), LG-K104, LOWER GROUND FLOOR,, Setia City Mall, 7, Persiaran Setia Dagang Bandar Setia Alam,, Seksyen, U13 Shah Alam, 40170, Petaling, Selangor, Potato Corner",SELANGOR,30/06/2027
POTATO CORNER SUNWAY PYRAMID,,"(ROCKS FOODS SDN. BHD.), LG 2.96B,, Sunway Pyramid Mall,, No. 3, Jalan PJS 11/15, Sunway City, 47500, Petaling, Selangor, Potato Corner",SELANGOR,31/10/2026
ALLACE BURGER & CHICKEN ABDUL AZIZ KAJANG,,"(RONGSHENG FOOD SDN.BHD.), NO. 13G, JALAN TUN ABDUL AZIZ, BANDAR KAJANG,, 43000 KAJANG, SELANGOR, 43000, Hulu Langat, Selangor, ALLACE BURGER & CHICKEN",SELANGOR,31/10/2027
ALLACE BURGER & CHICKEN BANDAR PUTERI PUCHONG,,"(RONGSHENG FOOD SDN.BHD.), 31G, JALAN PUTERI 1/6, BANDAR PUTERI, 47100, Petaling, Selangor, ALLACE BURGER & CHICKEN",SELANGOR,31/12/2027
SEPIRING CAFE ALAMANDA PUTRAJAYA SHOPPING CENTRE,,"(SEPIRING CAFE SDN BHD), LG 30 & 30ES, ALAMANDA SHOPPING CENTRE,, Jalan Alamanda, 62000, Kuala Lumpur – (sebelum 1974), Selangor, SEPIRING CAFE SDN BHD",SELANGOR,15/11/2026
SEPIRING CAFE DPULZE SHOPPING CENTRE,,"(SEPIRING CAFE SDN BHD), LG-08, LOWER GROUND FLOOR,, Dpulze Shopping Centre,, 63000, Sepang, Selangor, SEPIRING CAFE SDN BHD",SELANGOR,15/10/2026
SEPIRING CAFE THE MINES,,"(SEPIRING CAFE SDN BHD), MINES SHOPPING FAIR,, Lot L1-91 & Lot L1-92, Level 1,, Jalan, The Mines Resort City,, 43300, Petaling, Selangor, SEPIRING CAFE SDN BHD",SELANGOR,30/06/2028
SEPIRING CAFE THE MINES SHOPPING FAIR,,"(SEPIRING CAFE SDN BHD), LOT L1-91 & LOT L1-92, LEVEL 1, Mines Shopping Fair, Jalan D,, The Mines Resort City,, 43300, Petaling, Selangor, SEPIRING CAFE SDN BHD",SELANGOR,30/06/2026
SHADEN SDN BHD,,"(SHADEN SDN BHD), NO. 11-G, 11-1 & 13-G, 13-1, TINGKAT G & 1,, JALAN PENGUASA A U1/53A,, GLENMARIE, TEMASYA SQUARE, SEKSYEN U1,, 40150, Petaling, Selangor",SELANGOR,31/10/2027
BUTCHER KITCHEN,,"(SHAH ALAM HOTEL SDN BHD (CONCORDE HOTEL SHAH ALAM)), LEVEL 1 NO 3 JALAN TENGKU AMPUAN ZABEDAH C9/C ,, SHAH ALAM, 40100, Petaling, Selangor",SELANGOR,15/10/2026
MAIN KITCHEN,,"(SHAH ALAM HOTEL SDN BHD (CONCORDE HOTEL SHAH ALAM)), LEVEL 1, NO 3 JALAN TENGKU AMPUAN ZABEDAH C9/C, SHAH ALAM, 40100, Petaling, Selangor",SELANGOR,15/10/2026
MELTING POT CAFE KITCHEN,,"(SHAH ALAM HOTEL SDN BHD (CONCORDE HOTEL SHAH ALAM)), LEVEL 1, NO 3 JALAN TENGKU AMPUAN ZABEDAH C9/C, SHAH ALAM, 40100, Petaling, Selangor",SELANGOR,15/10/2026
PASTRY KITCHEN,,"(SHAH ALAM HOTEL SDN BHD (CONCORDE HOTEL SHAH ALAM)), LEVEL 1, NO 3 JALAN TENGKU AMPUAN ZABEDAH C9/C, SHAH ALAM, 40100, Petaling, Selangor",SELANGOR,15/10/2026
SHAKE SHACK KLIA2,,"(SHAKE SHACK MALAYSIA SDN BHD), LOT L3-30, 31 & 32, GATEWAY @ KLIA2, KL International Airport,, 64000, Sepang, Selangor, Shake Shack",SELANGOR,30/04/2028
SHAKE SHACK SUNWAY PYRAMID MALL,,"(SHAKE SHACK MALAYSIA SDN BHD), UNIT NO. OB. K2, OB. K3, DAN OB. K3C, OASIS BOULEVARD,, SUNWAY PJS 11,, 47500, Petaling, Selangor, Shake Shack",SELANGOR,30/04/2028
SHARING CENTRAL KITCHEN,,"(SHARING CULINARY SDN BHD), NO 50, Jalan 6/2, Seksyen 6 Bandar Rinching, 43500, Hulu Langat, Selangor",SELANGOR,15/03/2027
SHIDA SOUP STATION,,"(SHIDA SOUP STATION), NO.3, KAWASAN REHAT & RAWAT, DENGKIL ARAH UTARA,, KM 23 LEBUHRAYA UTARA SELATAN, 42700, Kuala Langat, Selangor, R&R Dengkil, Lebuhraya ELITE (U)",SELANGOR,15/11/2026
SHINANO KITCHEN,,"(SHINANO KITCHEN SDN BHD), 101B, GROUND FLOOR, TOWER B, UPTOWN 5, Jalan SS21/39, Damansara Utama, 47400, Petaling, Selangor, Shinano Kitchen",SELANGOR,15/10/2027
KAFE SHIOK KOPITIAM,,"(SHIOK KOPITIAM SDN BHD), NO 7 & 9 (GROUND FLOOR), JALAN BK 3/2, BANDAR KINRARA, PUCHONG, 47100,  Tiada Maklumat Daerah, Selangor",SELANGOR,15/05/2027
GOCLEAN,,"(SHYANSTELL PLT), NO 13-G&13A-G, BLOCK A,ZENITH CORPORATE PARK, JALAN SS7/26,KELANA JAYA, 47301, Petaling, Selangor, GOCLEAN",SELANGOR,31/01/2028
KIM YONG GEE DAMANSARA PERDANA (002),,"(SIGNATURE BEEF NOODLES SDN BHD), NO. 16-1, JALAN PJU 8/5E, PERDANA BUSINESS CENTRE,, PETALING JAYA 47820 PETALING JAYA., 47820, Petaling, Selangor",SELANGOR,31/12/2027
KIM YONG GEE SS15 (001),,"(SIGNATURE BEEF NOODLES SDN BHD), NO. 37 (GROUND FLOOR), JALAN SS 15/8A,, SS 15, 47500, Petaling, Selangor",SELANGOR,30/04/2027
SIGNATURE TIFFINS SDN BHD,,"(SIGNATURE TIFFINS SDN BHD), NO 7-G, JALAN FLORA 1/4, BANDAR RIMBAYU (BLOSSOM SQUARE), 42500, Kuala Langat, Selangor",SELANGOR,31/12/2027
MYEONGDONG TOPOKKI 1 UTAMA SHOPPING CENTRE,,"(SIMILE SDN BHD ), LOT LG312B, LOWER GROUND FLOOR, NO 1, LEBUH BANDAR UTAMA,, 47800, Petaling, Selangor, MYEONGDONG TOPOKKI, STATUS HALAL : Sijil Telah Ditarik Balik",SELANGOR,15/02/2027
TEXAS CHICKEN KUALA SELANGOR DT,,"(TEXAS CHICKEN (MALAYSIA) SDN BHD), CALTEX PETROL STATION, LOT 139, BATU 2, JALAN KUALA SELANGOR-KELANG, 45000, Kuala Selangor, Selangor, TEXAS CHICKEN",SELANGOR,15/08/2026
TEXAS CHICKEN ONE UTAMA,,"(TEXAS CHICKEN (MALAYSIA) SDN BHD), LG309A, LOWER GROUND FLOOR,, 1 Utama Shopping Centre, Bandar Utama, Petaling Jaya, 47800, Petaling, Selangor, TEXAS CHICKEN",SELANGOR,15/08/2026
TEXAS CHICKEN PJ NEWTOWN,,"(TEXAS CHICKEN (MALAYSIA) SDN BHD), NO. 20, JALAN TENGAH, PJ NEWTOWN CENTER, 46200, Petaling, Selangor",SELANGOR,31/12/2026
TEXAS CHICKEN PKNS BANGI,,"(TEXAS CHICKEN (MALAYSIA) SDN BHD), LOT G-02 & G-02E, TINGKAT BAWAH, KOMPLEKS PKNS, 43650, Hulu Langat, Selangor",SELANGOR,31/12/2026
TEXAS CHICKEN PUCHONG JAYA,,"(TEXAS CHICKEN (MALAYSIA) SDN BHD), NO. 6G, JALAN KENARI 1, BANDAR PUCHONG JAYA, 47100, Petaling, Selangor",SELANGOR,31/12/2026
TEXAS CHICKEN SETIA CITY MALL,,"(TEXAS CHICKEN (MALAYSIA) SDN BHD), LOT LG-157, 158 & 164A, TINGKAT LG, SETIA CITY MALL, NO. 7, PERSIARAN SETIA DAGANG, SETIA ALAM, SEKSYEN U13, 40170, Petaling, Selangor",SELANGOR,31/12/2026
TEXAS CHICKEN SRI GOMBAK,,"(TEXAS CHICKEN (MALAYSIA) SDN BHD), NO. 1 & 1A, JALAN SG 1/3,, Taman Sri Gombak,, Batu Caves, 68100, Gombak, Selangor, TEXAS CHICKEN",SELANGOR,15/08/2026
TEXAS CHICKEN SS15 COURTYARD,,"(TEXAS CHICKEN (MALAYSIA) SDN BHD), LOT LG-10, LOWER GROUND FLOOR, SS15 COURTYARD, JALAN SS15/4G, 47500, Petaling, Selangor",SELANGOR,31/12/2026
TEXAS CHICKEN SUNGAI BULOH,,"(TEXAS CHICKEN (MALAYSIA) SDN BHD), LOT 7398, GROUND FLOOR, Jalan 1A/3, Bandar Baru Sungai Buloh, Seksyen U20, 40160, Petaling, Selangor",SELANGOR,31/12/2026
TEXAS CHICKEN SUNWAY MENTARI,,"(TEXAS CHICKEN (MALAYSIA) SDN BHD), JALAN PJS 8/9, 46150, Petaling, Selangor",SELANGOR,15/09/2027
TEXAS CHICKEN SUNWAY PYRAMID,,"(TEXAS CHICKEN (MALAYSIA) SDN BHD), UNIT NO. LG2.127A & OB3.LG2.1D, Lower Ground Two and Oasis Boulevard, Sunway Pyramid Mall, No.3 Jalan PJS 11/15 Bandar Sunway, 47500, Petaling, Selangor",SELANGOR,15/10/2026
TEXAS CHICKEN TAMAN SRI SERDANG,,"(TEXAS CHICKEN (MALAYSIA) SDN BHD), NO.2-1 & 2-2, JALAN 18/33A, Taman Sri Serdang, 43000, Kuala Selangor, Selangor",SELANGOR,31/12/2026
TEXAS CHICKEN TELOK PANGLIMA GARANG DT,,"(TEXAS CHICKEN (MALAYSIA) SDN BHD), STESEN MINYAK SHELL PT 1293, JALAN HELIUM, KAWASAN PERUSAHAAN SEGENTING, 42500, Kuala Langat, Selangor",SELANGOR,31/12/2026
TEXAS CHICKEN TESCO EXTRA JENJAROM,,"(TEXAS CHICKEN (MALAYSIA) SDN BHD), NO. G5, TESCO EXTRA JENJAROM, NO. 1, JALAN 1/1, TMN SERI JAROMAS, 46200, Kuala Langat, Selangor",SELANGOR,31/12/2026
TEXAS CHICKEN TESCO SETIA ALAM,,"(TEXAS CHICKEN (MALAYSIA) SDN BHD), LOT. G17, TESCO SETIA ALAM,, No. 2, Jalan Setia Prima U13/3,, Seksyen U13, 40170, Petaling, Selangor",SELANGOR,15/10/2026
TEXAS CHICKEN THE ENVICTUS,,"(TEXAS CHICKEN (MALAYSIA) SDN BHD), UNIT G-01, GROUND FLOOR, THE ENVICTUS,, No. 11, Jalan 225, Section 51a,, 46100, Petaling, Selangor",SELANGOR,30/11/2026
TEXAS CHICKEN THE MAIN PLACE,,"(TEXAS CHICKEN (MALAYSIA) SDN BHD), LOT LG-09 & LG-10, MAIN PLACE,, JALAN USJ 21/10, PERSIARAN KEWAJIPAN,, 47630, Petaling, Selangor",SELANGOR,15/09/2027
TEXAS CHICKEN THE MINES,,"(TEXAS CHICKEN (MALAYSIA) SDN BHD), UNIT NO.L2-85(P) (ORA), JALAN DULANG,, The Mines Resort City,, Seri Kembangan, 43300,  Tiada Maklumat Daerah, Selangor, TEXAS CHICKEN",SELANGOR,15/08/2026
TEXAS CHICKEN UPTOWN DAMANSARA,,"(TEXAS CHICKEN (MALAYSIA) SDN BHD), NO 1G&1M, JALAN SS21/1A,, Damansara Utama, Petaling Jaya., 47400, Petaling, Selangor",SELANGOR,15/10/2026
TEXAS CHICKEN UTROPOLIS MARKETPLACE,,"(TEXAS CHICKEN (MALAYSIA) SDN BHD), LOT G-B3 & G-B4, UTROPOLIS MARKET PLACE, JALAN KONTRAKTOR U1/14, SEKSYEN U1, 40150, Petaling, Selangor",SELANGOR,31/12/2026
GLORIA JEAN'S COFFEES MAHKAMAH TINGGI SHAH ALAM,,"(WONDERFUL LIFESTYLE SDN. BHD), KOPERASI PEKERJA PNS KUALA LUMPUR BERHAD, TAPAK KAFE GLORIA JEAN'S COFFEES, TINGKAT 1,, SAYAP KIRI, BANGUNAN MAHKAMAH SULTAN SALAHUDDIN ABDUL AZIZ SHAH, SEKSYEN 5,, 40000, Petaling, Selangor, GLORIA JEAN'S COFFEES",SELANGOR,28/02/2027
GLORIA JEAN'S COFFEES SUK SELANGOR,,"(WONDERFUL LIFESTYLE SDN. BHD), DELECTA SUPREME SDN BHD, TINGKAT BAWAH, RUANG LAMAN SANTAI, PEJABAT SETIAUSAHA KERAJAAN NEGERI SELANGOR,, BANGUNAN SULTAN SALAHUDDIN ABDUL AZIZ SHAH, PERSIARAN SULTAN, SEKSYEN 5, 40000 SHAH ALAM, 40000, Petaling, Selangor, GLORIA JEAN'S COFFEES",SELANGOR,28/02/2027
STEAMFUN,,"(XELTA F&B SDN. BHD. ), LOT CW-3 CAFE WALK GROUND FLOOR, SPECTRUM SHOPPING CENTRE, AMPANG JAYA, 68000, Hulu Langat, Selangor, STEAMFUN",SELANGOR,30/11/2026
YAYOI MALAYSIA SDN. BHD,,"(YAYOI MALAYSIA SDN.BHD), CURVE NX18,, JALAN PJU7/5, MUTIARA DAMANSARA, 47810, Petaling, Selangor, YAYOI JAPANESE RESTAURANT",SELANGOR,15/10/2027
YESS NASI LEMAK PLT,,"(YESS NASI LEMAK PLT), G-20, JALAN PJU 8/3, DAMANSARA PERDANA, 47820, Petaling, Selangor, STATUS HALAL : Sijil Dibatalkan",SELANGOR,28/02/2027
YOGURT PLANET IOI MALL PUCHONG,,"(YG PLANET MY SDN. BHD.), YP YOGURT PLT, LOT NO.EF33A, FIRST FLOOR, IOI MALL BATU 9, BANDAR PUCHONG JAYA, 47100, Petaling, Selangor, YOGURT PLANET IOI MALL PUCHONG",SELANGOR,15/05/2027
YOGURT PLANET IOI MALL PUTRAJAYA,,"(YG PLANET MY SDN. BHD.), YG PLANET 101 SDN. BHD., LOT NO S-K5, SECOND FLOOR, 101 CITY MALL, LEBUH IRC, IOI RESORT CITY, 62502, Sepang, Selangor, YOGURT PLANET IOI PUTRAJAYA",SELANGOR,15/04/2027
YIHETANG@CHERAS TRADER SQUARE,,"(YIFU CATERING MANAGEMENT SDN. BHD.), 93-G, JALAN DATARAN CHERAS 5, DATARAN PERNIAGAAN, 43200, Hulu Langat, Selangor, YIHETANG",SELANGOR,15/10/2027
YOGI SNACK CORNER,,"(YOGI SNACK CORNER), NO. 14 & 16, JALAN MAT KILAU,, KUALA KUBU BAHARU,, 44000, Hulu Selangor, Selangor",SELANGOR,15/08/2026
YOGI SNACK CORNER,,"(YOGI SNACK CORNER), NO. 14 & 16, JALAN MAT KILAU,, KUALA KUBU BAHARU,, 44000, Hulu Selangor, Selangor",SELANGOR,15/08/2026
ZAI SRI GEMILANG SDN BHD,,"(ZAI SRI GEMILANG SDN BHD), NO.10 & 12 TINGKAT BAWAH, JALAN SELASIH K U12/K, SEKSYEN U12, 40170, Petaling, Selangor, ZAI SRI GEMILANG SDN BHD, STATUS HALAL : Sijil Telah Ditarik Balik",SELANGOR,31/10/2026
SUKIYA CENTRAL I-CITY,,"(ZENSHO FOODS MALAYSIA SDN.BHD.), LOT LG-59, TINGKAT LG, PUSAT MEMBELI BELAH SENTRAL I-CITY., NO. 1, PERSIARAN MULTIMEDIA,, SEKSYEN 7, 40000, Petaling, Selangor, SUKIYA",SELANGOR,15/05/2028
SUKIYA CENTRAL I-CITY,,"(ZENSHO FOODS MALAYSIA SDN.BHD.), LOT LG-59, TINGKAT LG, PUSAT MEMBELI BELAH SENTRAL I-CITY., NO. 1, PERSIARAN MULTIMEDIA,, SEKSYEN 7, 40000, Petaling, Selangor, SUKIYA",SELANGOR,31/08/2026
SUKIYA IOI PUCHONG,,"(ZENSHO FOODS MALAYSIA SDN.BHD.), FS08, FIRST FLOOR, SUKIYA,, IOI MALL BANDAR PUCHONG JAYA,, 47170, Petaling, Selangor",SELANGOR,15/09/2026
SUKIYA IOI PUCHONG,,"(ZENSHO FOODS MALAYSIA SDN.BHD.), FS08, FIRST FLOOR,, IOI MALL, BANDAR PUCHONG JAYA,, 47170, Petaling, Selangor, SUKIYA",SELANGOR,15/05/2028
SUKIYA IPC,,"(ZENSHO FOODS MALAYSIA SDN.BHD.), LG1. 37, LOWER GROUND 1, IPC SHOPPING CENTRE, NO. 2, JALAN PJU 7/2, MUTIARA DAMANSARA, 47800, Petaling, Selangor, SUKIYA",SELANGOR,31/07/2027
SUKIYA PARADIGM MALL PETALING JAYA,,"(ZENSHO FOODS MALAYSIA SDN.BHD.), LOT LG1-39A (P), PARADIGM MALL,, NO. 1, JALAN SS 7/26A, KELANA JAYA,, PETALING JAYA,, 47301, Petaling, Selangor, SUKIYA",SELANGOR,30/04/2027
SUKIYA SETIA CITY MALL,,"(ZENSHO FOODS MALAYSIA SDN.BHD.), LOT LG-166, TINGKAT LG, SETIA CITY MALL,, NO. 7, PERSIARAN SETIA DAGANG,, SETIA ALAM, SEKSYEN U13,, 40170, Klang, Selangor, SUKIYA",SELANGOR,31/10/2026
SUKIYA SUNWAY PYRAMID,,"(ZENSHO FOODS MALAYSIA SDN.BHD.), LOT LG2.30, LOWER GRD TWO, SUNWAY PYRAMID,, JALAN PJS 11/15 BANDAR SUNWAY, UEP SUBANG JAYA, 47500, Petaling, Selangor, SUKIYA",SELANGOR,15/10/2026
ICHIBAN RAMEN 168 PARK MALL,,"(ZENSHO ICHIBAN MALAYSIA SDN BHD), LOT G-01, GROUND FLOOR,, 168 PARK SELAYANG,, JALAN KUCHING, 68100,  Tiada Maklumat Daerah, Selangor, ICHIBAN RAMEN",SELANGOR,31/08/2027
"ZUS COFFEE SUNWAY MENTARI, BANDAR SUNWAY",,"(ZUSPRESSO (M) SDN BHD (1340330-X)), GF-18, JALAN PJS 8/2, DATARAN MENTARI, PJ SELATAN, 46000, Petaling, Selangor, ZUS COFFEE",SELANGOR,30/09/2027
ZUS COFFEE SUNWAY PYRAMID,,"(ZUSPRESSO (M) SDN BHD (1340330-X)), UNIT NO. LG2.37, LOWER GROUND TWO,, SUNWAY PYRAMID MALL,, JALA, PJS 11,, 47500, Petaling, Selangor, ZUS COFFEE",SELANGOR,30/11/2026
"ZUS COFFEE SURIA GARDEN, BATU 14 PUCHONG",,"(ZUSPRESSO (M) SDN BHD (1340330-X)), A-01-09, RESIDENSI SURIA,, JALAN PUCHONG UTAMA 2,, TAMAN PUCHONG UTAMA, 47100, Petaling, Selangor, ZUS COFFEE",SELANGOR,31/01/2028
ZUS COFFEE TAIPAN USJ,,"(ZUSPRESSO (M) SDN BHD (1340330-X)), 9GF, JALAN USJ 10/1E, USJ 10, 47620, Petaling, Selangor, ZUS COFFEE",SELANGOR,31/07/2026
ZUS COFFEE TAIPAN USJ,,"(ZUSPRESSO (M) SDN BHD (1340330-X)), 9 (GROUND FLOOR),, JALAN USJ 10/1E, USJ 10, 47620, Petaling, Selangor, ZUS COFFEE",SELANGOR,31/07/2028
"ZUS COFFEE TAMAN AMAN SURIA, BESTARI JAYA",,"(ZUSPRESSO (M) SDN BHD (1340330-X)), NO.10-G, JALAN AMAN SURIA 1,, TAMAN AMAN SURIA, 45600, Kuala Selangor, Selangor, ZUS COFFEE",SELANGOR,15/04/2027
"ZUS COFFEE TAMAN BENDAHARA, KUALA SELANGOR",,"(ZUSPRESSO (M) SDN BHD (1340330-X)), TKY STAR VENTURES SDN. BHD., NO. 2-G, JALAN BENDAHARA 1/2A,, TAMAN BENDAHARA, 45000, Kuala Selangor, Selangor, ZUS COFFEE",SELANGOR,31/03/2027
"ZUS COFFEE TAMAN BERJAYA, SUNGAI CHUA, KAJANG",,"(ZUSPRESSO (M) SDN BHD (1340330-X)), NO.282-G,, JALAN BERJAYA 10, TAMAN BERJAYA,, SUNGAI CHUA,, 43000, Hulu Langat, Selangor, ZUS COFFEE",SELANGOR,30/09/2027
"ZUS COFFEE TAMAN EQUINE 1, SERI KEMBANGAN",,"(ZUSPRESSO (M) SDN BHD (1340330-X)), NO.10-G (GROUND FLOOR),, JALAN EQUINE 1D,, TAMAN EQUINE,, 43300, Petaling, Selangor",SELANGOR,31/01/2027
"ZUS COFFEE TAMAN INTAN, KLANG",,"(ZUSPRESSO (M) SDN BHD (1340330-X)), NO.73 (GROUND FLOOR),, JALAN BATAI LAUT 3,, TAMAN INTAN,, 41300, Klang, Selangor, ZUS COFFEE",SELANGOR,15/08/2027
ZUS COFFEE TAMAN KAJANG PRIMA,,"(ZUSPRESSO (M) SDN BHD (1340330-X)), NO. 6-G (GROUND FLOOR),, JALAN KP 1/2,, TAMAN KAJANG PRIMA,, 43000, Hulu Langat, Selangor, ZUS COFFEE",SELANGOR,15/08/2027
"ZUS COFFEE TAMAN KINRARA SEKSYEN 1, PUCHONG",,"(ZUSPRESSO (M) SDN BHD (1340330-X)), 18A (GROUND FLOOR),, JALAN TK 1/11A,, TAMAN KINRARA SEKSYEN 1,, 47100, Petaling, Selangor, ZUS COFFEE",SELANGOR,30/09/2027
"ZUS COFFEE TAMAN KOSAS, AMPANG",,"(ZUSPRESSO (M) SDN BHD (1340330-X)), NO.21 (GF), JALAN KOSAS 1/2, TAMAN KOSAS,, 68000, Hulu Langat, Selangor, ZUS COFFEE",SELANGOR,15/11/2027
"ZUS COFFEE TAMAN MAS, PUCHONG",,"(ZUSPRESSO (M) SDN BHD (1340330-X)), NO.26-GFO, JALAN DAGANG MAS 1, TAMAN MAS, 47130, Petaling, Selangor, ZUS COFFEE",SELANGOR,31/01/2028
"ZUS COFFEE TAMAN MYRA MERANTI,PUCHONG",,"(ZUSPRESSO (M) SDN BHD (1340330-X)), NO 8A (GF),, JALAN MM1, TAMAN MYRA MERANTI, 47120, Sepang, Selangor, ZUS COFFEE",SELANGOR,30/06/2028
"ZUS COFFEE TAMAN MYRA MERANTI,PUCHONG",,"(ZUSPRESSO (M) SDN BHD (1340330-X)), NO.8A (GF),JALAN MM1, TAMAN MYRA MERANTI, 47120, Sepang, Selangor, ZUS COFFEE",SELANGOR,30/06/2026
"ZUS COFFEE TAMAN PUTRA, AMPANG",,"(ZUSPRESSO (M) SDN BHD (1340330-X)), NO 40, JALAN BUNGA TANJUNG 9B, TAMAN PUTRA AMPANG, 68000, Hulu Langat, Selangor, ZUS COFFEE",SELANGOR,30/06/2027
"ZUS COFFEE TAMAN SEGAR PERDANA, CHERAS",,"(ZUSPRESSO (M) SDN BHD (1340330-X)), NO. 07 (GF), JALAN SEGAR PERDANA 2,, TAMAN SEGAR PERDANA,, 43200, Hulu Langat, Selangor",SELANGOR,31/01/2027
"ZUS COFFEE TAMAN SELAYANG UTAMA, BATU CAVES",,"(ZUSPRESSO (M) SDN BHD (1340330-X)), NO. 4,, JALAN SU 6,, TAMAN SELAYANG UTAMA,, 68100, Gombak, Selangor, ZUS COFFEE",SELANGOR,31/08/2027
"ZUS COFFEE TAMAN SEROJA, SEPANG",,"(ZUSPRESSO (M) SDN BHD (1340330-X)), NO.37, JALAN SEROJA 4, TAMAN SEROJA, 43900, Sepang, Selangor, ZUS COFFEE",SELANGOR,31/01/2028
